年份,性別,疾病死因,順位,死亡人數,死亡率,標準化死亡率,死亡人數結構比
97年,總計,所有死因,--,"15,119",575.72,366.18,100
97年,總計,惡性腫瘤,1,"4,467",170.1,112.87,29.55
97年,總計,心臟疾病（高血壓性疾病除外）,2,"2,014",76.69,46.14,13.32
97年,總計,腦血管疾病,3,"1,199",45.66,27.26,7.93
97年,總計,肺炎,4,950,36.18,20.14,6.28
97年,總計,糖尿病,5,716,27.26,16.89,4.74
97年,總計,慢性下呼吸道疾病,8,446,16.98,9.27,2.95
97年,總計,敗血症,6,513,19.53,11.27,3.39
97年,總計,高血壓性疾病,10,374,14.24,8.21,2.47
97年,總計,腎炎、腎病症候群及腎病變,7,491,18.7,11.2,3.25
97年,總計,事故傷害,9,389,14.81,11.94,2.57
97年,總計,蓄意自我傷害（自殺）,11,370,14.09,11.4,2.45
97年,總計,慢性肝病及肝硬化,12,296,11.27,7.69,1.96
97年,總計,骨骼肌肉系統及結締組織之疾病,13,281,10.7,5.87,1.86
97年,總計,帕金森病,15,93,3.54,1.88,0.62
97年,總計,血管性及未明示之癡呆症,17,69,2.63,1.29,0.46
97年,總計,原位與良性腫瘤（惡性腫瘤除外）,14,171,6.51,4.05,1.13
97年,總計,肇因於吸入外物之肺部病況（塵肺症及肺炎除外）,16,76,2.89,1.59,0.5
97年,總計,主動脈瘤及剝離,19,68,2.59,1.55,0.45
97年,總計,胃及十二指腸潰瘍,23,44,1.68,1,0.29
97年,總計,結核病,17,69,2.63,1.52,0.46
97年,總計,源於周產期的特定病況,21,49,1.87,4.34,0.32
97年,總計,膽結石及其他膽囊疾患,20,52,1.98,1.1,0.34
97年,總計,皮膚及皮下組織疾病,24,39,1.49,0.84,0.26
97年,總計,先天性畸形變形及染色體異常,25,36,1.37,2.47,0.24
97年,總計,衰老/老邁,22,48,1.83,0.9,0.32
97年,總計,疝氣及腸阻塞,27,33,1.26,0.66,0.22
97年,總計,貧血,28,27,1.03,0.63,0.18
97年,總計,病毒性肝炎,25,36,1.37,0.94,0.24
97年,總計,人類免疫缺乏病毒（HIV）疾病,29,13,0.5,0.4,0.09
97年,總計,流行性感冒,--,0,0,0,0
97年,總計,椎骨肌肉萎縮及有關聯之症候群,32,10,0.38,0.34,0.07
97年,總計,加害（他殺）,31,11,0.42,0.45,0.07
97年,總計,腸道感染症,35,5,0.19,0.12,0.03
97年,總計,塵肺症,30,12,0.46,0.29,0.08
97年,總計,阿茲海默病,34,6,0.23,0.12,0.04
97年,總計,腦膜炎,36,2,0.08,0.06,0.01
97年,總計,嬰兒猝死症候群（SIDS）,37,1,0.04,0.09,0.01
97年,總計,動脈粥樣硬化,33,8,0.3,0.18,0.05
97年,總計,妊娠(懷孕)、生產及產褥期,37,1,0.04,0.07,0.01
97年,總計,急性支氣管炎及急性細支氣管炎,--,0,0,0,0
97年,總計,嚴重特殊傳染性肺炎（COVID-19）,--,0,0,0,0
97年,總計,其他,--,"1,634",62.22,39.18,10.81
97年,男性,所有死因,--,"8,992",705.67,449.24,100
97年,男性,惡性腫瘤,1,"2,698",211.73,140.18,30
97年,男性,心臟疾病（高血壓性疾病除外）,2,"1,278",100.29,60.74,14.21
97年,男性,腦血管疾病,3,677,53.13,32.56,7.53
97年,男性,肺炎,4,619,48.58,26.32,6.88
97年,男性,糖尿病,5,352,27.62,17.36,3.91
97年,男性,慢性下呼吸道疾病,6,337,26.45,13.76,3.75
97年,男性,敗血症,8,263,20.64,11.78,2.92
97年,男性,高血壓性疾病,11,204,16.01,9.43,2.27
97年,男性,腎炎、腎病症候群及腎病變,9,240,18.83,11.24,2.67
97年,男性,事故傷害,7,269,21.11,17.19,2.99
97年,男性,蓄意自我傷害（自殺）,10,231,18.13,15,2.57
97年,男性,慢性肝病及肝硬化,12,197,15.46,10.94,2.19
97年,男性,骨骼肌肉系統及結締組織之疾病,13,132,10.36,5.63,1.47
97年,男性,帕金森病,15,56,4.39,2.24,0.62
97年,男性,血管性及未明示之癡呆症,19,31,2.43,1.15,0.34
97年,男性,原位與良性腫瘤（惡性腫瘤除外）,14,101,7.93,4.79,1.12
97年,男性,肇因於吸入外物之肺部病況（塵肺症及肺炎除外）,18,38,2.98,1.68,0.42
97年,男性,主動脈瘤及剝離,17,49,3.85,2.26,0.54
97年,男性,胃及十二指腸潰瘍,24,23,1.8,1.09,0.26
97年,男性,結核病,15,56,4.39,2.49,0.62
97年,男性,源於周產期的特定病況,20,28,2.2,4.79,0.31
97年,男性,膽結石及其他膽囊疾患,21,26,2.04,1.14,0.29
97年,男性,皮膚及皮下組織疾病,25,20,1.57,0.85,0.22
97年,男性,先天性畸形變形及染色體異常,28,16,1.26,2.19,0.18
97年,男性,衰老/老邁,23,24,1.88,0.84,0.27
97年,男性,疝氣及腸阻塞,25,20,1.57,0.8,0.22
97年,男性,貧血,27,17,1.33,0.67,0.19
97年,男性,病毒性肝炎,21,26,2.04,1.42,0.29
97年,男性,人類免疫缺乏病毒（HIV）疾病,29,12,0.94,0.81,0.13
97年,男性,流行性感冒,--,0,0,0,0
97年,男性,椎骨肌肉萎縮及有關聯之症候群,32,7,0.55,0.53,0.08
97年,男性,加害（他殺）,31,9,0.71,0.76,0.1
97年,男性,腸道感染症,34,2,0.16,0.1,0.02
97年,男性,塵肺症,29,12,0.94,0.59,0.13
97年,男性,阿茲海默病,34,2,0.16,0.1,0.02
97年,男性,腦膜炎,34,2,0.16,0.13,0.02
97年,男性,嬰兒猝死症候群（SIDS）,37,1,0.08,0.17,0.01
97年,男性,動脈粥樣硬化,33,3,0.24,0.13,0.03
97年,男性,妊娠(懷孕)、生產及產褥期,--,0,0,0,0
97年,男性,急性支氣管炎及急性細支氣管炎,--,0,0,0,0
97年,男性,嚴重特殊傳染性肺炎（COVID-19）,--,0,0,0,0
97年,男性,其他,--,914,71.73,45.4,10.16
97年,女性,所有死因,--,"6,127",453.23,291,100
97年,女性,惡性腫瘤,1,"1,769",130.86,87.54,28.87
97年,女性,心臟疾病（高血壓性疾病除外）,2,736,54.44,32.75,12.01
97年,女性,腦血管疾病,3,522,38.61,22.9,8.52
97年,女性,肺炎,5,331,24.49,14.14,5.4
97年,女性,糖尿病,4,364,26.93,16.79,5.94
97年,女性,慢性下呼吸道疾病,12,109,8.06,4.57,1.78
97年,女性,敗血症,7,250,18.49,10.99,4.08
97年,女性,高血壓性疾病,8,170,12.58,7.27,2.77
97年,女性,腎炎、腎病症候群及腎病變,6,251,18.57,11.35,4.1
97年,女性,事故傷害,11,120,8.88,6.98,1.96
97年,女性,蓄意自我傷害（自殺）,10,139,10.28,8.19,2.27
97年,女性,慢性肝病及肝硬化,13,99,7.32,4.87,1.62
97年,女性,骨骼肌肉系統及結締組織之疾病,9,149,11.02,6.25,2.43
97年,女性,帕金森病,17,37,2.74,1.52,0.6
97年,女性,血管性及未明示之癡呆症,15,38,2.81,1.48,0.62
97年,女性,原位與良性腫瘤（惡性腫瘤除外）,14,70,5.18,3.35,1.14
97年,女性,肇因於吸入外物之肺部病況（塵肺症及肺炎除外）,15,38,2.81,1.57,0.62
97年,女性,主動脈瘤及剝離,23,19,1.41,0.86,0.31
97年,女性,胃及十二指腸潰瘍,20,21,1.55,0.94,0.34
97年,女性,結核病,25,13,0.96,0.57,0.21
97年,女性,源於周產期的特定病況,20,21,1.55,3.86,0.34
97年,女性,膽結石及其他膽囊疾患,18,26,1.92,1.08,0.42
97年,女性,皮膚及皮下組織疾病,23,19,1.41,0.85,0.31
97年,女性,先天性畸形變形及染色體異常,22,20,1.48,2.77,0.33
97年,女性,衰老/老邁,19,24,1.78,0.95,0.39
97年,女性,疝氣及腸阻塞,25,13,0.96,0.52,0.21
97年,女性,貧血,27,10,0.74,0.58,0.16
97年,女性,病毒性肝炎,27,10,0.74,0.51,0.16
97年,女性,人類免疫缺乏病毒（HIV）疾病,34,1,0.07,0.05,0.02
97年,女性,流行性感冒,--,0,0,0,0
97年,女性,椎骨肌肉萎縮及有關聯之症候群,31,3,0.22,0.15,0.05
97年,女性,加害（他殺）,33,2,0.15,0.13,0.03
97年,女性,腸道感染症,31,3,0.22,0.13,0.05
97年,女性,塵肺症,--,0,0,0,0
97年,女性,阿茲海默病,30,4,0.3,0.15,0.07
97年,女性,腦膜炎,--,0,0,0,0
97年,女性,嬰兒猝死症候群（SIDS）,--,0,0,0,0
97年,女性,動脈粥樣硬化,29,5,0.37,0.22,0.08
97年,女性,妊娠(懷孕)、生產及產褥期,34,1,0.07,0.07,0.02
97年,女性,急性支氣管炎及急性細支氣管炎,--,0,0,0,0
97年,女性,嚴重特殊傳染性肺炎（COVID-19）,--,0,0,0,0
97年,女性,其他,--,720,53.26,34.08,11.75
98年,總計,所有死因,--,"14,870",568.6,347.27,100
98年,總計,惡性腫瘤,1,"4,563",174.48,111.24,30.69
98年,總計,心臟疾病（高血壓性疾病除外）,2,"1,768",67.61,39.98,11.89
98年,總計,腦血管疾病,3,"1,128",43.13,24.61,7.59
98年,總計,肺炎,4,840,32.12,16.59,5.65
98年,總計,糖尿病,5,825,31.55,18.86,5.55
98年,總計,慢性下呼吸道疾病,6,496,18.97,9.85,3.34
98年,總計,敗血症,8,441,16.86,9.44,2.97
98年,總計,高血壓性疾病,9,385,14.72,8.17,2.59
98年,總計,腎炎、腎病症候群及腎病變,7,451,17.25,9.72,3.03
98年,總計,事故傷害,10,377,14.42,11.2,2.54
98年,總計,蓄意自我傷害（自殺）,12,341,13.04,10.39,2.29
98年,總計,慢性肝病及肝硬化,11,349,13.35,8.79,2.35
98年,總計,骨骼肌肉系統及結締組織之疾病,13,340,13,6.39,2.29
98年,總計,帕金森病,16,92,3.52,1.89,0.62
98年,總計,血管性及未明示之癡呆症,15,112,4.28,2.06,0.75
98年,總計,原位與良性腫瘤（惡性腫瘤除外）,14,127,4.86,2.91,0.85
98年,總計,肇因於吸入外物之肺部病況（塵肺症及肺炎除外）,18,78,2.98,1.64,0.52
98年,總計,主動脈瘤及剝離,17,80,3.06,1.92,0.54
98年,總計,胃及十二指腸潰瘍,21,40,1.53,0.85,0.27
98年,總計,結核病,19,61,2.33,1.32,0.41
98年,總計,源於周產期的特定病況,25,26,0.99,2.41,0.17
98年,總計,膽結石及其他膽囊疾患,20,41,1.57,0.89,0.28
98年,總計,皮膚及皮下組織疾病,24,29,1.11,0.61,0.2
98年,總計,先天性畸形變形及染色體異常,23,34,1.3,2.35,0.23
98年,總計,衰老/老邁,28,22,0.84,0.39,0.15
98年,總計,疝氣及腸阻塞,22,35,1.34,0.74,0.24
98年,總計,貧血,29,21,0.8,0.47,0.14
98年,總計,病毒性肝炎,27,23,0.88,0.62,0.15
98年,總計,人類免疫缺乏病毒（HIV）疾病,30,20,0.76,0.56,0.13
98年,總計,流行性感冒,34,7,0.27,0.18,0.05
98年,總計,椎骨肌肉萎縮及有關聯之症候群,31,11,0.42,0.26,0.07
98年,總計,加害（他殺）,26,25,0.96,0.81,0.17
98年,總計,腸道感染症,38,3,0.11,0.06,0.02
98年,總計,塵肺症,32,10,0.38,0.24,0.07
98年,總計,阿茲海默病,33,9,0.34,0.17,0.06
98年,總計,腦膜炎,37,4,0.15,0.17,0.03
98年,總計,嬰兒猝死症候群（SIDS）,35,5,0.19,0.47,0.03
98年,總計,動脈粥樣硬化,35,5,0.19,0.09,0.03
98年,總計,妊娠(懷孕)、生產及產褥期,--,0,0,0,0
98年,總計,急性支氣管炎及急性細支氣管炎,39,1,0.04,0.03,0.01
98年,總計,嚴重特殊傳染性肺炎（COVID-19）,--,0,0,0,0
98年,總計,其他,--,"1,645",62.9,37.93,11.06
98年,男性,所有死因,--,"8,782",693.85,425.2,100
98年,男性,惡性腫瘤,1,"2,671",211.03,134.11,30.41
98年,男性,心臟疾病（高血壓性疾病除外）,2,"1,101",86.99,52.89,12.54
98年,男性,腦血管疾病,3,647,51.12,29.05,7.37
98年,男性,肺炎,4,528,41.72,21.04,6.01
98年,男性,糖尿病,5,423,33.42,20.41,4.82
98年,男性,慢性下呼吸道疾病,6,377,29.79,15.11,4.29
98年,男性,敗血症,10,233,18.41,10.28,2.65
98年,男性,高血壓性疾病,12,206,16.28,9.25,2.35
98年,男性,腎炎、腎病症候群及腎病變,8,249,19.67,10.79,2.84
98年,男性,事故傷害,7,260,20.54,16.29,2.96
98年,男性,蓄意自我傷害（自殺）,9,234,18.49,14.83,2.66
98年,男性,慢性肝病及肝硬化,11,232,18.33,12.76,2.64
98年,男性,骨骼肌肉系統及結締組織之疾病,13,142,11.22,5.05,1.62
98年,男性,帕金森病,15,62,4.9,2.56,0.71
98年,男性,血管性及未明示之癡呆症,18,44,3.48,1.58,0.5
98年,男性,原位與良性腫瘤（惡性腫瘤除外）,14,73,5.77,3.39,0.83
98年,男性,肇因於吸入外物之肺部病況（塵肺症及肺炎除外）,17,45,3.56,1.83,0.51
98年,男性,主動脈瘤及剝離,16,54,4.27,2.79,0.61
98年,男性,胃及十二指腸潰瘍,20,23,1.82,1.02,0.26
98年,男性,結核病,19,42,3.32,1.78,0.48
98年,男性,源於周產期的特定病況,26,15,1.19,2.71,0.17
98年,男性,膽結石及其他膽囊疾患,21,21,1.66,0.97,0.24
98年,男性,皮膚及皮下組織疾病,26,15,1.19,0.65,0.17
98年,男性,先天性畸形變形及染色體異常,26,15,1.19,1.94,0.17
98年,男性,衰老/老邁,30,8,0.63,0.27,0.09
98年,男性,疝氣及腸阻塞,22,20,1.58,0.78,0.23
98年,男性,貧血,30,8,0.63,0.38,0.09
98年,男性,病毒性肝炎,24,18,1.42,1,0.2
98年,男性,人類免疫缺乏病毒（HIV）疾病,23,19,1.5,1.14,0.22
98年,男性,流行性感冒,33,6,0.47,0.3,0.07
98年,男性,椎骨肌肉萎縮及有關聯之症候群,32,7,0.55,0.34,0.08
98年,男性,加害（他殺）,25,17,1.34,1.18,0.19
98年,男性,腸道感染症,--,0,0,0,0
98年,男性,塵肺症,29,10,0.79,0.49,0.11
98年,男性,阿茲海默病,35,3,0.24,0.1,0.03
98年,男性,腦膜炎,35,3,0.24,0.28,0.03
98年,男性,嬰兒猝死症候群（SIDS）,35,3,0.24,0.54,0.03
98年,男性,動脈粥樣硬化,34,4,0.32,0.14,0.05
98年,男性,妊娠(懷孕)、生產及產褥期,--,0,0,0,0
98年,男性,急性支氣管炎及急性細支氣管炎,38,1,0.08,0.06,0.01
98年,男性,嚴重特殊傳染性肺炎（COVID-19）,--,0,0,0,0
98年,男性,其他,--,943,74.5,45.11,10.74
98年,女性,所有死因,--,"6,088",451.14,276.88,100
98年,女性,惡性腫瘤,1,"1,892",140.2,90.07,31.08
98年,女性,心臟疾病（高血壓性疾病除外）,2,667,49.43,28.58,10.96
98年,女性,腦血管疾病,3,481,35.64,20.63,7.9
98年,女性,肺炎,5,312,23.12,12.35,5.12
98年,女性,糖尿病,4,402,29.79,17.72,6.6
98年,女性,慢性下呼吸道疾病,10,119,8.82,4.61,1.95
98年,女性,敗血症,6,208,15.41,8.77,3.42
98年,女性,高血壓性疾病,9,179,13.26,7.33,2.94
98年,女性,腎炎、腎病症候群及腎病變,7,202,14.97,8.7,3.32
98年,女性,事故傷害,11,117,8.67,6.49,1.92
98年,女性,蓄意自我傷害（自殺）,13,107,7.93,6.48,1.76
98年,女性,慢性肝病及肝硬化,11,117,8.67,5.38,1.92
98年,女性,骨骼肌肉系統及結締組織之疾病,8,198,14.67,7.76,3.25
98年,女性,帕金森病,17,30,2.22,1.23,0.49
98年,女性,血管性及未明示之癡呆症,14,68,5.04,2.57,1.12
98年,女性,原位與良性腫瘤（惡性腫瘤除外）,15,54,4,2.43,0.89
98年,女性,肇因於吸入外物之肺部病況（塵肺症及肺炎除外）,16,33,2.45,1.46,0.54
98年,女性,主動脈瘤及剝離,18,26,1.93,1.16,0.43
98年,女性,胃及十二指腸潰瘍,22,17,1.26,0.7,0.28
98年,女性,結核病,20,19,1.41,0.86,0.31
98年,女性,源於周產期的特定病況,27,11,0.82,2.1,0.18
98年,女性,膽結石及其他膽囊疾患,19,20,1.48,0.84,0.33
98年,女性,皮膚及皮下組織疾病,24,14,1.04,0.58,0.23
98年,女性,先天性畸形變形及染色體異常,20,19,1.41,2.8,0.31
98年,女性,衰老/老邁,24,14,1.04,0.52,0.23
98年,女性,疝氣及腸阻塞,23,15,1.11,0.72,0.25
98年,女性,貧血,26,13,0.96,0.54,0.21
98年,女性,病毒性肝炎,30,5,0.37,0.27,0.08
98年,女性,人類免疫缺乏病毒（HIV）疾病,34,1,0.07,0.06,0.02
98年,女性,流行性感冒,34,1,0.07,0.06,0.02
98年,女性,椎骨肌肉萎縮及有關聯之症候群,31,4,0.3,0.19,0.07
98年,女性,加害（他殺）,28,8,0.59,0.48,0.13
98年,女性,腸道感染症,32,3,0.22,0.13,0.05
98年,女性,塵肺症,--,0,0,0,0
98年,女性,阿茲海默病,29,6,0.44,0.24,0.1
98年,女性,腦膜炎,34,1,0.07,0.06,0.02
98年,女性,嬰兒猝死症候群（SIDS）,33,2,0.15,0.39,0.03
98年,女性,動脈粥樣硬化,34,1,0.07,0.04,0.02
98年,女性,妊娠(懷孕)、生產及產褥期,--,0,0,0,0
98年,女性,急性支氣管炎及急性細支氣管炎,--,0,0,0,0
98年,女性,嚴重特殊傳染性肺炎（COVID-19）,--,0,0,0,0
98年,女性,其他,--,702,52.02,31.59,11.53
99年,總計,所有死因,--,"15,047",575.83,338.78,100
99年,總計,惡性腫瘤,1,"4,632",177.26,110.14,30.78
99年,總計,心臟疾病（高血壓性疾病除外）,2,"1,723",65.94,36.69,11.45
99年,總計,腦血管疾病,3,"1,047",40.07,21.91,6.96
99年,總計,肺炎,4,899,34.4,16.89,5.97
99年,總計,糖尿病,5,769,29.43,16.78,5.11
99年,總計,慢性下呼吸道疾病,7,465,17.79,8.87,3.09
99年,總計,敗血症,8,449,17.18,9.25,2.98
99年,總計,高血壓性疾病,9,422,16.15,8.49,2.8
99年,總計,腎炎、腎病症候群及腎病變,6,474,18.14,10.07,3.15
99年,總計,事故傷害,11,359,13.74,10.71,2.39
99年,總計,蓄意自我傷害（自殺）,12,329,12.59,9.67,2.19
99年,總計,慢性肝病及肝硬化,13,318,12.17,7.9,2.11
99年,總計,骨骼肌肉系統及結締組織之疾病,10,380,14.54,6.79,2.53
99年,總計,帕金森病,16,111,4.25,2.1,0.74
99年,總計,血管性及未明示之癡呆症,15,116,4.44,2,0.77
99年,總計,原位與良性腫瘤（惡性腫瘤除外）,14,120,4.59,2.6,0.8
99年,總計,肇因於吸入外物之肺部病況（塵肺症及肺炎除外）,18,82,3.14,1.45,0.54
99年,總計,主動脈瘤及剝離,17,93,3.56,2.12,0.62
99年,總計,胃及十二指腸潰瘍,20,50,1.91,1.08,0.33
99年,總計,結核病,20,50,1.91,0.98,0.33
99年,總計,源於周產期的特定病況,23,41,1.57,3.94,0.27
99年,總計,膽結石及其他膽囊疾患,25,36,1.38,0.69,0.24
99年,總計,皮膚及皮下組織疾病,24,40,1.53,0.79,0.27
99年,總計,先天性畸形變形及染色體異常,27,25,0.96,1.84,0.17
99年,總計,衰老/老邁,19,54,2.07,0.95,0.36
99年,總計,疝氣及腸阻塞,22,45,1.72,0.9,0.3
99年,總計,貧血,28,22,0.84,0.53,0.15
99年,總計,病毒性肝炎,26,31,1.19,0.76,0.21
99年,總計,人類免疫缺乏病毒（HIV）疾病,31,14,0.54,0.45,0.09
99年,總計,流行性感冒,37,3,0.11,0.06,0.02
99年,總計,椎骨肌肉萎縮及有關聯之症候群,29,17,0.65,0.43,0.11
99年,總計,加害（他殺）,33,11,0.42,0.4,0.07
99年,總計,腸道感染症,36,6,0.23,0.14,0.04
99年,總計,塵肺症,29,17,0.65,0.39,0.11
99年,總計,阿茲海默病,32,13,0.5,0.21,0.09
99年,總計,腦膜炎,33,11,0.42,0.37,0.07
99年,總計,嬰兒猝死症候群（SIDS）,39,1,0.04,0.1,0.01
99年,總計,動脈粥樣硬化,35,7,0.27,0.14,0.05
99年,總計,妊娠(懷孕)、生產及產褥期,39,1,0.04,0.04,0.01
99年,總計,急性支氣管炎及急性細支氣管炎,38,2,0.08,0.04,0
99年,總計,嚴重特殊傳染性肺炎（COVID-19）,--,0,0,0,0
99年,總計,其他,--,"1,762",67.43,39.11,11.72
99年,男性,所有死因,--,"8,882",704.08,421.3,100
99年,男性,惡性腫瘤,1,"2,771",219.66,137.29,31.2
99年,男性,心臟疾病（高血壓性疾病除外）,2,"1,039",82.36,47.58,11.7
99年,男性,腦血管疾病,3,602,47.72,26.99,6.78
99年,男性,肺炎,4,548,43.44,21,6.17
99年,男性,糖尿病,5,384,30.44,17.7,4.32
99年,男性,慢性下呼吸道疾病,6,335,26.56,12.91,3.77
99年,男性,敗血症,10,230,18.23,9.72,2.59
99年,男性,高血壓性疾病,9,231,18.31,9.74,2.6
99年,男性,腎炎、腎病症候群及腎病變,8,234,18.55,10.57,2.63
99年,男性,事故傷害,7,258,20.45,16.18,2.9
99年,男性,蓄意自我傷害（自殺）,11,212,16.81,13.01,2.39
99年,男性,慢性肝病及肝硬化,12,198,15.7,10.91,2.23
99年,男性,骨骼肌肉系統及結締組織之疾病,13,170,13.48,6.09,1.91
99年,男性,帕金森病,16,64,5.07,2.28,0.72
99年,男性,血管性及未明示之癡呆症,17,55,4.36,1.97,0.62
99年,男性,原位與良性腫瘤（惡性腫瘤除外）,14,75,5.95,3.48,0.84
99年,男性,肇因於吸入外物之肺部病況（塵肺症及肺炎除外）,18,44,3.49,1.49,0.5
99年,男性,主動脈瘤及剝離,15,70,5.55,3.4,0.79
99年,男性,胃及十二指腸潰瘍,20,27,2.14,1.26,0.3
99年,男性,結核病,19,38,3.01,1.58,0.43
99年,男性,源於周產期的特定病況,24,23,1.82,4.26,0.26
99年,男性,膽結石及其他膽囊疾患,25,22,1.74,0.92,0.25
99年,男性,皮膚及皮下組織疾病,26,21,1.66,0.83,0.24
99年,男性,先天性畸形變形及染色體異常,27,17,1.35,2.56,0.19
99年,男性,衰老/老邁,21,26,2.06,0.98,0.29
99年,男性,疝氣及腸阻塞,21,26,2.06,1.12,0.29
99年,男性,貧血,29,14,1.11,0.58,0.16
99年,男性,病毒性肝炎,23,25,1.98,1.34,0.28
99年,男性,人類免疫缺乏病毒（HIV）疾病,30,12,0.95,0.84,0.14
99年,男性,流行性感冒,37,1,0.08,0.07,0.01
99年,男性,椎骨肌肉萎縮及有關聯之症候群,31,8,0.63,0.45,0.09
99年,男性,加害（他殺）,31,8,0.63,0.65,0.09
99年,男性,腸道感染症,36,3,0.24,0.15,0.03
99年,男性,塵肺症,28,15,1.19,0.7,0.17
99年,男性,阿茲海默病,34,5,0.4,0.15,0.06
99年,男性,腦膜炎,31,8,0.63,0.57,0.09
99年,男性,嬰兒猝死症候群（SIDS）,--,0,0,0,0
99年,男性,動脈粥樣硬化,35,4,0.32,0.16,0.05
99年,男性,妊娠(懷孕)、生產及產褥期,--,0,0,0,0
99年,男性,急性支氣管炎及急性細支氣管炎,--,0,0,0,0
99年,男性,嚴重特殊傳染性肺炎（COVID-19）,--,0,0,0,0
99年,男性,其他,--,"1,059",83.95,49.8,11.92
99年,女性,所有死因,--,"6,165",456.13,265.58,100
99年,女性,惡性腫瘤,1,"1,861",137.69,85.62,30.19
99年,女性,心臟疾病（高血壓性疾病除外）,2,684,50.61,27.23,11.09
99年,女性,腦血管疾病,3,445,32.92,17.61,7.22
99年,女性,肺炎,5,351,25.97,12.95,5.69
99年,女性,糖尿病,4,385,28.48,16.12,6.24
99年,女性,慢性下呼吸道疾病,10,130,9.62,4.94,2.11
99年,女性,敗血症,7,219,16.2,8.98,3.55
99年,女性,高血壓性疾病,9,191,14.13,7.43,3.1
99年,女性,腎炎、腎病症候群及腎病變,6,240,17.76,9.8,3.89
99年,女性,事故傷害,13,101,7.47,5.74,1.64
99年,女性,蓄意自我傷害（自殺）,12,117,8.66,6.7,1.9
99年,女性,慢性肝病及肝硬化,11,120,8.88,5.36,1.95
99年,女性,骨骼肌肉系統及結締組織之疾病,8,210,15.54,7.61,3.41
99年,女性,帕金森病,15,47,3.48,1.9,0.76
99年,女性,血管性及未明示之癡呆症,14,61,4.51,2.11,0.99
99年,女性,原位與良性腫瘤（惡性腫瘤除外）,16,45,3.33,1.8,0.73
99年,女性,肇因於吸入外物之肺部病況（塵肺症及肺炎除外）,17,38,2.81,1.39,0.62
99年,女性,主動脈瘤及剝離,19,23,1.7,0.97,0.37
99年,女性,胃及十二指腸潰瘍,19,23,1.7,0.94,0.37
99年,女性,結核病,25,12,0.89,0.43,0.19
99年,女性,源於周產期的特定病況,23,18,1.33,3.59,0.29
99年,女性,膽結石及其他膽囊疾患,24,14,1.04,0.49,0.23
99年,女性,皮膚及皮下組織疾病,21,19,1.41,0.75,0.31
99年,女性,先天性畸形變形及染色體異常,27,8,0.59,1.09,0.13
99年,女性,衰老/老邁,18,28,2.07,0.95,0.45
99年,女性,疝氣及腸阻塞,21,19,1.41,0.71,0.31
99年,女性,貧血,27,8,0.59,0.49,0.13
99年,女性,病毒性肝炎,30,6,0.44,0.26,0.1
99年,女性,人類免疫缺乏病毒（HIV）疾病,35,2,0.15,0.1,0.03
99年,女性,流行性感冒,35,2,0.15,0.07,0.03
99年,女性,椎骨肌肉萎縮及有關聯之症候群,26,9,0.67,0.42,0.15
99年,女性,加害（他殺）,31,3,0.22,0.15,0.05
99年,女性,腸道感染症,31,3,0.22,0.13,0.05
99年,女性,塵肺症,35,2,0.15,0.1,0.03
99年,女性,阿茲海默病,27,8,0.59,0.27,0.13
99年,女性,腦膜炎,31,3,0.22,0.17,0.05
99年,女性,嬰兒猝死症候群（SIDS）,39,1,0.07,0.2,0.02
99年,女性,動脈粥樣硬化,31,3,0.22,0.13,0.05
99年,女性,妊娠(懷孕)、生產及產褥期,39,1,0.07,0.07,0.02
99年,女性,急性支氣管炎及急性細支氣管炎,35,2,0.15,0.08,0.03
99年,女性,嚴重特殊傳染性肺炎（COVID-19）,--,0,0,0,0
99年,女性,其他,--,703,52.01,29.71,11.4
100年,總計,所有死因,--,"15,834",600.94,343.47,100
100年,總計,惡性腫瘤,1,"4,732",179.59,109.78,29.89
100年,總計,心臟疾病（高血壓性疾病除外）,2,"1,905",72.3,38.51,12.03
100年,總計,腦血管疾病,3,"1,137",43.15,23.13,7.18
100年,總計,肺炎,4,942,35.75,16.96,5.95
100年,總計,糖尿病,5,775,29.41,16.39,4.89
100年,總計,慢性下呼吸道疾病,6,582,22.09,10.48,3.68
100年,總計,敗血症,7,566,21.48,10.81,3.57
100年,總計,高血壓性疾病,9,446,16.93,8.47,2.82
100年,總計,腎炎、腎病症候群及腎病變,8,448,17,8.89,2.83
100年,總計,事故傷害,10,402,15.26,10.92,2.54
100年,總計,蓄意自我傷害（自殺）,12,306,11.61,8.98,1.93
100年,總計,慢性肝病及肝硬化,11,315,11.96,7.65,1.99
100年,總計,骨骼肌肉系統及結締組織之疾病,13,217,8.24,4.45,1.37
100年,總計,帕金森病,16,121,4.59,2.33,0.76
100年,總計,血管性及未明示之癡呆症,14,136,5.16,2.18,0.86
100年,總計,原位與良性腫瘤（惡性腫瘤除外）,15,128,4.86,2.68,0.81
100年,總計,肇因於吸入外物之肺部病況（塵肺症及肺炎除外）,17,80,3.04,1.43,0.51
100年,總計,主動脈瘤及剝離,18,68,2.58,1.46,0.43
100年,總計,胃及十二指腸潰瘍,24,43,1.63,0.91,0.27
100年,總計,結核病,20,53,2.01,0.97,0.33
100年,總計,源於周產期的特定病況,21,49,1.86,4.04,0.31
100年,總計,膽結石及其他膽囊疾患,27,32,1.21,0.6,0.2
100年,總計,皮膚及皮下組織疾病,21,49,1.86,0.97,0.31
100年,總計,先天性畸形變形及染色體異常,23,45,1.71,2.69,0.28
100年,總計,衰老/老邁,19,57,2.16,0.89,0.36
100年,總計,疝氣及腸阻塞,25,42,1.59,0.84,0.27
100年,總計,貧血,28,29,1.1,0.61,0.18
100年,總計,病毒性肝炎,26,36,1.37,0.83,0.23
100年,總計,人類免疫缺乏病毒（HIV）疾病,30,21,0.8,0.68,0.13
100年,總計,流行性感冒,29,28,1.06,0.73,0.18
100年,總計,椎骨肌肉萎縮及有關聯之症候群,30,21,0.8,0.53,0.13
100年,總計,加害（他殺）,37,6,0.23,0.18,0.04
100年,總計,腸道感染症,34,9,0.34,0.17,0.06
100年,總計,塵肺症,32,13,0.49,0.27,0.08
100年,總計,阿茲海默病,33,12,0.46,0.2,0.08
100年,總計,腦膜炎,34,9,0.34,0.24,0.06
100年,總計,嬰兒猝死症候群（SIDS）,37,6,0.23,0.49,0.04
100年,總計,動脈粥樣硬化,36,8,0.3,0.14,0.05
100年,總計,妊娠(懷孕)、生產及產褥期,--,0,0,0,0
100年,總計,急性支氣管炎及急性細支氣管炎,39,2,0.08,0.06,0
100年,總計,嚴重特殊傳染性肺炎（COVID-19）,--,0,0,0,0
100年,總計,其他,--,"1,958",74.31,40.95,12.38
100年,男性,所有死因,--,"9,359",737.25,426.54,100
100年,男性,惡性腫瘤,1,"2,749",216.55,132.95,29.37
100年,男性,心臟疾病（高血壓性疾病除外）,2,"1,155",90.98,50.79,12.34
100年,男性,腦血管疾病,3,697,54.91,29.93,7.45
100年,男性,肺炎,4,605,47.66,22.21,6.46
100年,男性,糖尿病,6,393,30.96,18.33,4.2
100年,男性,慢性下呼吸道疾病,5,445,35.05,16,4.75
100年,男性,敗血症,7,337,26.55,13.53,3.6
100年,男性,高血壓性疾病,10,230,18.12,9.32,2.46
100年,男性,腎炎、腎病症候群及腎病變,9,236,18.59,9.68,2.52
100年,男性,事故傷害,8,267,21.03,15.84,2.85
100年,男性,蓄意自我傷害（自殺）,12,188,14.81,11.63,2.01
100年,男性,慢性肝病及肝硬化,11,211,16.62,11.4,2.25
100年,男性,骨骼肌肉系統及結締組織之疾病,13,82,6.46,3.3,0.88
100年,男性,帕金森病,15,70,5.51,2.83,0.75
100年,男性,血管性及未明示之癡呆症,16,63,4.96,2.1,0.67
100年,男性,原位與良性腫瘤（惡性腫瘤除外）,14,75,5.91,3.26,0.8
100年,男性,肇因於吸入外物之肺部病況（塵肺症及肺炎除外）,17,57,4.49,2.07,0.61
100年,男性,主動脈瘤及剝離,18,47,3.7,2.07,0.5
100年,男性,胃及十二指腸潰瘍,24,22,1.73,1.01,0.24
100年,男性,結核病,19,41,3.23,1.5,0.44
100年,男性,源於周產期的特定病況,24,22,1.73,3.51,0.24
100年,男性,膽結石及其他膽囊疾患,29,15,1.18,0.6,0.16
100年,男性,皮膚及皮下組織疾病,22,28,2.21,1.18,0.3
100年,男性,先天性畸形變形及染色體異常,23,26,2.05,3,0.28
100年,男性,衰老/老邁,20,30,2.36,0.94,0.32
100年,男性,疝氣及腸阻塞,20,30,2.36,1.2,0.32
100年,男性,貧血,31,12,0.95,0.53,0.13
100年,男性,病毒性肝炎,26,21,1.65,1.13,0.22
100年,男性,人類免疫缺乏病毒（HIV）疾病,27,20,1.58,1.4,0.21
100年,男性,流行性感冒,28,18,1.42,0.94,0.19
100年,男性,椎骨肌肉萎縮及有關聯之症候群,30,14,1.1,0.72,0.15
100年,男性,加害（他殺）,38,3,0.24,0.2,0.03
100年,男性,腸道感染症,36,4,0.32,0.19,0.04
100年,男性,塵肺症,31,12,0.95,0.54,0.13
100年,男性,阿茲海默病,36,4,0.32,0.16,0.04
100年,男性,腦膜炎,33,5,0.39,0.29,0.05
100年,男性,嬰兒猝死症候群（SIDS）,33,5,0.39,0.8,0.05
100年,男性,動脈粥樣硬化,33,5,0.39,0.19,0.05
100年,男性,妊娠(懷孕)、生產及產褥期,--,0,0,0,0
100年,男性,急性支氣管炎及急性細支氣管炎,--,0,0,0,0
100年,男性,嚴重特殊傳染性肺炎（COVID-19）,--,0,0,0,0
100年,男性,其他,--,"1,115",87.83,49.29,11.91
100年,女性,所有死因,--,"6,475",474.21,270.05,100
100年,女性,惡性腫瘤,1,"1,983",145.23,89.19,30.63
100年,女性,心臟疾病（高血壓性疾病除外）,2,750,54.93,27.89,11.58
100年,女性,腦血管疾病,3,440,32.22,17.12,6.8
100年,女性,肺炎,5,337,24.68,12.06,5.2
100年,女性,糖尿病,4,382,27.98,14.97,5.9
100年,女性,慢性下呼吸道疾病,9,137,10.03,5.06,2.12
100年,女性,敗血症,6,229,16.77,8.39,3.54
100年,女性,高血壓性疾病,7,216,15.82,7.81,3.34
100年,女性,腎炎、腎病症候群及腎病變,8,212,15.53,8.19,3.27
100年,女性,事故傷害,10,135,9.89,6.49,2.08
100年,女性,蓄意自我傷害（自殺）,12,118,8.64,6.65,1.82
100年,女性,慢性肝病及肝硬化,13,104,7.62,4.44,1.61
100年,女性,骨骼肌肉系統及結締組織之疾病,10,135,9.89,5.54,2.08
100年,女性,帕金森病,16,51,3.74,1.9,0.79
100年,女性,血管性及未明示之癡呆症,14,73,5.35,2.32,1.13
100年,女性,原位與良性腫瘤（惡性腫瘤除外）,15,53,3.88,2.16,0.82
100年,女性,肇因於吸入外物之肺部病況（塵肺症及肺炎除外）,19,23,1.68,0.82,0.36
100年,女性,主動脈瘤及剝離,20,21,1.54,0.89,0.32
100年,女性,胃及十二指腸潰瘍,20,21,1.54,0.82,0.32
100年,女性,結核病,27,12,0.88,0.44,0.19
100年,女性,源於周產期的特定病況,17,27,1.98,4.6,0.42
100年,女性,膽結石及其他膽囊疾患,24,17,1.25,0.61,0.26
100年,女性,皮膚及皮下組織疾病,20,21,1.54,0.79,0.32
100年,女性,先天性畸形變形及染色體異常,23,19,1.39,2.35,0.29
100年,女性,衰老/老邁,17,27,1.98,0.84,0.42
100年,女性,疝氣及腸阻塞,27,12,0.88,0.5,0.19
100年,女性,貧血,24,17,1.25,0.7,0.26
100年,女性,病毒性肝炎,26,15,1.1,0.58,0.23
100年,女性,人類免疫缺乏病毒（HIV）疾病,37,1,0.07,0.05,0.02
100年,女性,流行性感冒,29,10,0.73,0.53,0.15
100年,女性,椎骨肌肉萎縮及有關聯之症候群,31,7,0.51,0.35,0.11
100年,女性,加害（他殺）,34,3,0.22,0.18,0.05
100年,女性,腸道感染症,32,5,0.37,0.17,0.08
100年,女性,塵肺症,37,1,0.07,0.03,0.02
100年,女性,阿茲海默病,30,8,0.59,0.25,0.12
100年,女性,腦膜炎,33,4,0.29,0.18,0.06
100年,女性,嬰兒猝死症候群（SIDS）,37,1,0.07,0.17,0.02
100年,女性,動脈粥樣硬化,34,3,0.22,0.09,0.05
100年,女性,妊娠(懷孕)、生產及產褥期,--,0,0,0,0
100年,女性,急性支氣管炎及急性細支氣管炎,36,2,0.15,0.11,0.03
100年,女性,嚴重特殊傳染性肺炎（COVID-19）,--,0,0,0,0
100年,女性,其他,--,843,61.74,33.81,13.02
101年,總計,所有死因,--,"16,397",615.94,344.34,100
101年,總計,惡性腫瘤,1,"4,981",187.11,111.52,30.38
101年,總計,心臟疾病（高血壓性疾病除外）,2,"2,028",76.18,40.21,12.37
101年,總計,腦血管疾病,3,"1,186",44.55,22.94,7.23
101年,總計,肺炎,4,905,34,15.54,5.52
101年,總計,糖尿病,5,817,30.69,16.63,4.98
101年,總計,慢性下呼吸道疾病,6,591,22.2,10.31,3.6
101年,總計,敗血症,7,559,21,10.47,3.41
101年,總計,高血壓性疾病,8,536,20.13,9.74,3.27
101年,總計,腎炎、腎病症候群及腎病變,9,531,19.95,10.62,3.24
101年,總計,事故傷害,10,430,16.15,11.31,2.62
101年,總計,蓄意自我傷害（自殺）,11,333,12.51,9.82,2.03
101年,總計,慢性肝病及肝硬化,12,286,10.74,6.77,1.74
101年,總計,骨骼肌肉系統及結締組織之疾病,13,167,6.27,3.41,1.02
101年,總計,帕金森病,14,158,5.94,2.92,0.96
101年,總計,血管性及未明示之癡呆症,15,129,4.85,1.94,0.79
101年,總計,原位與良性腫瘤（惡性腫瘤除外）,16,121,4.55,2.41,0.74
101年,總計,肇因於吸入外物之肺部病況（塵肺症及肺炎除外）,17,108,4.06,1.83,0.66
101年,總計,主動脈瘤及剝離,18,83,3.12,1.72,0.51
101年,總計,胃及十二指腸潰瘍,19,64,2.4,1.29,0.39
101年,總計,結核病,20,59,2.22,1.09,0.36
101年,總計,源於周產期的特定病況,21,51,1.92,3.37,0.31
101年,總計,膽結石及其他膽囊疾患,22,43,1.62,0.73,0.26
101年,總計,皮膚及皮下組織疾病,23,42,1.58,0.75,0.26
101年,總計,先天性畸形變形及染色體異常,23,42,1.58,2.49,0.26
101年,總計,衰老/老邁,25,34,1.28,0.51,0.21
101年,總計,疝氣及腸阻塞,26,30,1.13,0.48,0.18
101年,總計,貧血,27,26,0.98,0.48,0.16
101年,總計,病毒性肝炎,28,24,0.9,0.59,0.15
101年,總計,人類免疫缺乏病毒（HIV）疾病,29,16,0.6,0.45,0.1
101年,總計,流行性感冒,30,15,0.56,0.32,0.09
101年,總計,椎骨肌肉萎縮及有關聯之症候群,31,14,0.53,0.33,0.09
101年,總計,加害（他殺）,32,11,0.41,0.45,0.07
101年,總計,腸道感染症,33,10,0.38,0.23,0.06
101年,總計,塵肺症,33,10,0.38,0.24,0.06
101年,總計,阿茲海默病,35,9,0.34,0.17,0.05
101年,總計,腦膜炎,36,8,0.3,0.23,0.05
101年,總計,嬰兒猝死症候群（SIDS）,37,7,0.26,0.46,0.04
101年,總計,動脈粥樣硬化,38,4,0.15,0.06,0.02
101年,總計,妊娠(懷孕)、生產及產褥期,39,3,0.11,0.1,0.02
101年,總計,急性支氣管炎及急性細支氣管炎,--,0,0,0,0
101年,總計,嚴重特殊傳染性肺炎（COVID-19）,--,0,0,0,0
101年,總計,其他,--,"1,926",72.35,39.47,11.75
101年,男性,所有死因,--,"9,628",751.69,429.77,100
101年,男性,惡性腫瘤,1,"2,937",229.3,138.02,30.5
101年,男性,心臟疾病（高血壓性疾病除外）,2,"1,246",97.28,54.52,12.94
101年,男性,腦血管疾病,3,679,53.01,28.56,7.05
101年,男性,肺炎,4,563,43.96,20.08,5.85
101年,男性,糖尿病,6,414,32.32,18.2,4.3
101年,男性,慢性下呼吸道疾病,5,430,33.57,15.24,4.47
101年,男性,敗血症,7,308,24.05,11.78,3.2
101年,男性,高血壓性疾病,9,274,21.39,10.76,2.85
101年,男性,腎炎、腎病症候群及腎病變,10,255,19.91,11.13,2.65
101年,男性,事故傷害,8,285,22.25,16.23,2.96
101年,男性,蓄意自我傷害（自殺）,11,207,16.16,12.59,2.15
101年,男性,慢性肝病及肝硬化,12,187,14.6,9.7,1.94
101年,男性,骨骼肌肉系統及結締組織之疾病,14,73,5.7,2.96,0.76
101年,男性,帕金森病,13,96,7.5,3.72,1
101年,男性,血管性及未明示之癡呆症,16,64,5,2,0.66
101年,男性,原位與良性腫瘤（惡性腫瘤除外）,17,60,4.68,2.45,0.62
101年,男性,肇因於吸入外物之肺部病況（塵肺症及肺炎除外）,15,65,5.07,2.24,0.68
101年,男性,主動脈瘤及剝離,18,59,4.61,2.56,0.61
101年,男性,胃及十二指腸潰瘍,21,34,2.65,1.54,0.35
101年,男性,結核病,19,46,3.59,1.79,0.48
101年,男性,源於周產期的特定病況,20,35,2.73,4.47,0.36
101年,男性,膽結石及其他膽囊疾患,22,22,1.72,0.78,0.23
101年,男性,皮膚及皮下組織疾病,27,16,1.25,0.62,0.17
101年,男性,先天性畸形變形及染色體異常,25,17,1.33,1.95,0.18
101年,男性,衰老/老邁,24,18,1.41,0.57,0.19
101年,男性,疝氣及腸阻塞,25,17,1.33,0.51,0.18
101年,男性,貧血,23,20,1.56,0.79,0.21
101年,男性,病毒性肝炎,29,13,1.01,0.72,0.14
101年,男性,人類免疫缺乏病毒（HIV）疾病,27,16,1.25,0.96,0.17
101年,男性,流行性感冒,33,7,0.55,0.3,0.07
101年,男性,椎骨肌肉萎縮及有關聯之症候群,30,12,0.94,0.62,0.12
101年,男性,加害（他殺）,32,8,0.62,0.57,0.08
101年,男性,腸道感染症,34,6,0.47,0.35,0.06
101年,男性,塵肺症,31,10,0.78,0.52,0.1
101年,男性,阿茲海默病,36,4,0.31,0.15,0.04
101年,男性,腦膜炎,34,6,0.47,0.39,0.06
101年,男性,嬰兒猝死症候群（SIDS）,36,4,0.31,0.51,0.04
101年,男性,動脈粥樣硬化,--,0,0,0,0
101年,男性,妊娠(懷孕)、生產及產褥期,--,0,0,0,0
101年,男性,急性支氣管炎及急性細支氣管炎,--,0,0,0,0
101年,男性,嚴重特殊傳染性肺炎（COVID-19）,--,0,0,0,0
101年,男性,其他,--,"1,115",87.05,48.93,11.58
101年,女性,所有死因,--,"6,769",490.07,269.77,100
101年,女性,惡性腫瘤,1,"2,044",147.98,88.4,30.2
101年,女性,心臟疾病（高血壓性疾病除外）,2,782,56.62,28.04,11.55
101年,女性,腦血管疾病,3,507,36.71,18.18,7.49
101年,女性,肺炎,5,342,24.76,11.42,5.05
101年,女性,糖尿病,4,403,29.18,15.39,5.95
101年,女性,慢性下呼吸道疾病,9,161,11.66,5.67,2.38
101年,女性,敗血症,8,251,18.17,9.22,3.71
101年,女性,高血壓性疾病,7,262,18.97,8.9,3.87
101年,女性,腎炎、腎病症候群及腎病變,6,276,19.98,10.28,4.08
101年,女性,事故傷害,10,145,10.5,6.82,2.14
101年,女性,蓄意自我傷害（自殺）,11,126,9.12,7.31,1.86
101年,女性,慢性肝病及肝硬化,12,99,7.17,4.18,1.46
101年,女性,骨骼肌肉系統及結締組織之疾病,13,94,6.81,3.86,1.39
101年,女性,帕金森病,15,62,4.49,2.23,0.92
101年,女性,血管性及未明示之癡呆症,14,65,4.71,1.91,0.96
101年,女性,原位與良性腫瘤（惡性腫瘤除外）,16,61,4.42,2.4,0.9
101年,女性,肇因於吸入外物之肺部病況（塵肺症及肺炎除外）,17,43,3.11,1.43,0.64
101年,女性,主動脈瘤及剝離,21,24,1.74,0.94,0.35
101年,女性,胃及十二指腸潰瘍,18,30,2.17,1.08,0.44
101年,女性,結核病,25,13,0.94,0.44,0.19
101年,女性,源於周產期的特定病況,23,16,1.16,2.18,0.24
101年,女性,膽結石及其他膽囊疾患,22,21,1.52,0.69,0.31
101年,女性,皮膚及皮下組織疾病,19,26,1.88,0.89,0.38
101年,女性,先天性畸形變形及染色體異常,20,25,1.81,3.06,0.37
101年,女性,衰老/老邁,23,16,1.16,0.46,0.24
101年,女性,疝氣及腸阻塞,25,13,0.94,0.44,0.19
101年,女性,貧血,29,6,0.43,0.2,0.09
101年,女性,病毒性肝炎,27,11,0.8,0.47,0.16
101年,女性,人類免疫缺乏病毒（HIV）疾病,--,0,0,0,0
101年,女性,流行性感冒,28,8,0.58,0.34,0.12
101年,女性,椎骨肌肉萎縮及有關聯之症候群,36,2,0.14,0.08,0.03
101年,女性,加害（他殺）,33,3,0.22,0.34,0.04
101年,女性,腸道感染症,31,4,0.29,0.12,0.06
101年,女性,塵肺症,--,0,0,0,0
101年,女性,阿茲海默病,30,5,0.36,0.18,0.07
101年,女性,腦膜炎,36,2,0.14,0.09,0.03
101年,女性,嬰兒猝死症候群（SIDS）,33,3,0.22,0.41,0.04
101年,女性,動脈粥樣硬化,31,4,0.29,0.12,0.06
101年,女性,妊娠(懷孕)、生產及產褥期,33,3,0.22,0.19,0.04
101年,女性,急性支氣管炎及急性細支氣管炎,--,0,0,0,0
101年,女性,嚴重特殊傳染性肺炎（COVID-19）,--,0,0,0,0
101年,女性,其他,--,811,58.72,31.4,11.98
102年,總計,所有死因,--,"16,100",600.78,326.27,100
102年,總計,惡性腫瘤,1,"4,919",183.55,106.98,30.55
102年,總計,心臟疾病（高血壓性疾病除外）,2,"2,075",77.43,39.81,12.89
102年,總計,腦血管疾病,3,"1,210",45.15,22.34,7.52
102年,總計,肺炎,4,883,32.95,14.46,5.48
102年,總計,糖尿病,5,860,32.09,16.84,5.34
102年,總計,慢性下呼吸道疾病,6,573,21.38,9.73,3.56
102年,總計,敗血症,9,466,17.39,8.18,2.89
102年,總計,高血壓性疾病,7,493,18.4,8.66,3.06
102年,總計,腎炎、腎病症候群及腎病變,8,488,18.21,9.13,3.03
102年,總計,事故傷害,10,406,15.15,10.47,2.52
102年,總計,蓄意自我傷害（自殺）,12,261,9.74,7.4,1.62
102年,總計,慢性肝病及肝硬化,11,310,11.57,6.99,1.93
102年,總計,骨骼肌肉系統及結締組織之疾病,13,191,7.13,3.62,1.19
102年,總計,帕金森病,14,155,5.78,2.71,0.96
102年,總計,血管性及未明示之癡呆症,15,142,5.3,2.11,0.88
102年,總計,原位與良性腫瘤（惡性腫瘤除外）,16,137,5.11,2.62,0.85
102年,總計,肇因於吸入外物之肺部病況（塵肺症及肺炎除外）,18,94,3.51,1.53,0.58
102年,總計,主動脈瘤及剝離,17,106,3.96,2.27,0.66
102年,總計,胃及十二指腸潰瘍,21,44,1.64,0.84,0.27
102年,總計,結核病,19,67,2.5,1.12,0.42
102年,總計,源於周產期的特定病況,20,50,1.87,3.25,0.31
102年,總計,膽結石及其他膽囊疾患,23,40,1.49,0.75,0.25
102年,總計,皮膚及皮下組織疾病,25,36,1.34,0.64,0.22
102年,總計,先天性畸形變形及染色體異常,23,40,1.49,1.84,0.25
102年,總計,衰老/老邁,28,16,0.6,0.23,0.1
102年,總計,疝氣及腸阻塞,26,34,1.27,0.6,0.21
102年,總計,貧血,22,41,1.53,0.88,0.25
102年,總計,病毒性肝炎,27,31,1.16,0.69,0.19
102年,總計,人類免疫缺乏病毒（HIV）疾病,35,8,0.3,0.2,0.05
102年,總計,流行性感冒,37,6,0.22,0.12,0.04
102年,總計,椎骨肌肉萎縮及有關聯之症候群,30,12,0.45,0.27,0.07
102年,總計,加害（他殺）,29,13,0.49,0.53,0.08
102年,總計,腸道感染症,30,12,0.45,0.25,0.07
102年,總計,塵肺症,34,11,0.41,0.2,0.07
102年,總計,阿茲海默病,30,12,0.45,0.18,0.07
102年,總計,腦膜炎,36,7,0.26,0.15,0.04
102年,總計,嬰兒猝死症候群（SIDS）,30,12,0.45,0.78,0.07
102年,總計,動脈粥樣硬化,37,6,0.22,0.09,0.04
102年,總計,妊娠(懷孕)、生產及產褥期,39,2,0.07,0.08,0.01
102年,總計,急性支氣管炎及急性細支氣管炎,--,0,0,0,0
102年,總計,嚴重特殊傳染性肺炎（COVID-19）,--,0,0,0,0
102年,總計,其他,--,"1,831",68.32,36.71,11.37
102年,男性,所有死因,--,"9,436",732.81,409.56,100
102年,男性,惡性腫瘤,1,"2,854",221.64,130.87,30.25
102年,男性,心臟疾病（高血壓性疾病除外）,2,"1,252",97.23,53.17,13.27
102年,男性,腦血管疾病,3,699,54.28,28.22,7.41
102年,男性,肺炎,4,575,44.65,19.94,6.09
102年,男性,糖尿病,6,428,33.24,18.44,4.54
102年,男性,慢性下呼吸道疾病,5,431,33.47,15.3,4.57
102年,男性,敗血症,7,274,21.28,10.03,2.9
102年,男性,高血壓性疾病,9,255,19.8,9.82,2.7
102年,男性,腎炎、腎病症候群及腎病變,10,242,18.79,9.69,2.56
102年,男性,事故傷害,8,271,21.05,15.04,2.87
102年,男性,蓄意自我傷害（自殺）,12,166,12.89,9.96,1.76
102年,男性,慢性肝病及肝硬化,11,198,15.38,10.12,2.1
102年,男性,骨骼肌肉系統及結締組織之疾病,14,88,6.83,3.32,0.93
102年,男性,帕金森病,13,94,7.3,3.49,1
102年,男性,血管性及未明示之癡呆症,17,63,4.89,1.88,0.67
102年,男性,原位與良性腫瘤（惡性腫瘤除外）,15,80,6.21,3.31,0.85
102年,男性,肇因於吸入外物之肺部病況（塵肺症及肺炎除外）,18,58,4.5,2.07,0.61
102年,男性,主動脈瘤及剝離,16,73,5.67,3.52,0.77
102年,男性,胃及十二指腸潰瘍,21,26,2.02,1.04,0.28
102年,男性,結核病,19,49,3.81,1.6,0.52
102年,男性,源於周產期的特定病況,20,31,2.41,3.91,0.33
102年,男性,膽結石及其他膽囊疾患,22,25,1.94,1.06,0.26
102年,男性,皮膚及皮下組織疾病,24,20,1.55,0.81,0.21
102年,男性,先天性畸形變形及染色體異常,27,17,1.32,1.7,0.18
102年,男性,衰老/老邁,29,8,0.62,0.25,0.08
102年,男性,疝氣及腸阻塞,25,19,1.48,0.74,0.2
102年,男性,貧血,23,23,1.79,1.06,0.24
102年,男性,病毒性肝炎,25,19,1.48,0.99,0.2
102年,男性,人類免疫缺乏病毒（HIV）疾病,29,8,0.62,0.44,0.08
102年,男性,流行性感冒,37,3,0.23,0.15,0.03
102年,男性,椎骨肌肉萎縮及有關聯之症候群,33,6,0.47,0.28,0.06
102年,男性,加害（他殺）,29,8,0.62,0.62,0.08
102年,男性,腸道感染症,29,8,0.62,0.4,0.08
102年,男性,塵肺症,28,10,0.78,0.39,0.11
102年,男性,阿茲海默病,35,4,0.31,0.11,0.04
102年,男性,腦膜炎,34,5,0.39,0.22,0.05
102年,男性,嬰兒猝死症候群（SIDS）,35,4,0.31,0.5,0
102年,男性,動脈粥樣硬化,38,2,0.16,0.05,0.02
102年,男性,妊娠(懷孕)、生產及產褥期,--,0,0,0,0
102年,男性,急性支氣管炎及急性細支氣管炎,--,0,0,0,0
102年,男性,嚴重特殊傳染性肺炎（COVID-19）,--,0,0,0,0
102年,男性,其他,--,"1,040",80.77,45.03,11.06
102年,女性,所有死因,--,"6,664",478.66,253.9,100
102年,女性,惡性腫瘤,1,"2,065",148.32,86.24,30.99
102年,女性,心臟疾病（高血壓性疾病除外）,2,823,59.11,28.39,12.35
102年,女性,腦血管疾病,3,511,36.7,17.36,7.67
102年,女性,肺炎,5,308,22.12,9.54,4.62
102年,女性,糖尿病,4,432,31.03,15.6,6.48
102年,女性,慢性下呼吸道疾病,9,142,10.2,4.64,2.13
102年,女性,敗血症,8,192,13.79,6.53,2.88
102年,女性,高血壓性疾病,7,238,17.1,7.74,3.57
102年,女性,腎炎、腎病症候群及腎病變,6,246,17.67,8.67,3.69
102年,女性,事故傷害,10,135,9.7,6.34,2.03
102年,女性,蓄意自我傷害（自殺）,13,95,6.82,5.17,1.43
102年,女性,慢性肝病及肝硬化,11,112,8.04,4.28,1.68
102年,女性,骨骼肌肉系統及結締組織之疾病,12,103,7.4,3.88,1.55
102年,女性,帕金森病,15,61,4.38,2.03,0.92
102年,女性,血管性及未明示之癡呆症,14,79,5.67,2.33,1.19
102年,女性,原位與良性腫瘤（惡性腫瘤除外）,16,57,4.09,2.04,0.86
102年,女性,肇因於吸入外物之肺部病況（塵肺症及肺炎除外）,17,36,2.59,1.06,0.54
102年,女性,主動脈瘤及剝離,18,33,2.37,1.21,0.5
102年,女性,胃及十二指腸潰瘍,21,18,1.29,0.7,0.27
102年,女性,結核病,21,18,1.29,0.63,0.27
102年,女性,源於周產期的特定病況,20,19,1.36,2.53,0.29
102年,女性,膽結石及其他膽囊疾患,25,15,1.08,0.49,0.23
102年,女性,皮膚及皮下組織疾病,24,16,1.15,0.5,0.24
102年,女性,先天性畸形變形及染色體異常,19,23,1.65,1.96,0.35
102年,女性,衰老/老邁,28,8,0.57,0.22,0.12
102年,女性,疝氣及腸阻塞,25,15,1.08,0.49,0.23
102年,女性,貧血,21,18,1.29,0.7,0.27
102年,女性,病毒性肝炎,27,12,0.86,0.45,0.18
102年,女性,人類免疫缺乏病毒（HIV）疾病,--,0,0,0,0
102年,女性,流行性感冒,35,3,0.22,0.1,0.05
102年,女性,椎骨肌肉萎縮及有關聯之症候群,31,6,0.43,0.26,0.09
102年,女性,加害（他殺）,32,5,0.36,0.45,0.08
102年,女性,腸道感染症,33,4,0.29,0.13,0.06
102年,女性,塵肺症,38,1,0.07,0.03,0.02
102年,女性,阿茲海默病,28,8,0.57,0.25,0.12
102年,女性,腦膜炎,36,2,0.14,0.08,0.03
102年,女性,嬰兒猝死症候群（SIDS）,28,8,0.57,1.08,0.12
102年,女性,動脈粥樣硬化,33,4,0.29,0.13,0.06
102年,女性,妊娠(懷孕)、生產及產褥期,36,2,0.14,0.15,0.03
102年,女性,急性支氣管炎及急性細支氣管炎,--,0,0,0,0
102年,女性,嚴重特殊傳染性肺炎（COVID-19）,--,0,0,0,0
102年,女性,其他,--,791,56.82,29.51,11.87
103年,總計,所有死因,--,"16,951",629.12,332.35,100
103年,總計,惡性腫瘤,1,"4,902",181.93,103.64,28.92
103年,總計,心臟疾病（高血壓性疾病除外）,2,"2,489",92.38,46.23,14.68
103年,總計,腦血管疾病,3,"1,212",44.98,22.4,7.15
103年,總計,肺炎,4,"1,060",39.34,17.1,6.25
103年,總計,糖尿病,5,855,31.73,16.17,5.04
103年,總計,慢性下呼吸道疾病,6,656,24.35,10.22,3.87
103年,總計,敗血症,10,445,16.52,7.62,2.63
103年,總計,高血壓性疾病,8,461,17.11,7.55,2.72
103年,總計,腎炎、腎病症候群及腎病變,7,556,20.64,9.89,3.28
103年,總計,事故傷害,9,458,17,11.23,2.7
103年,總計,蓄意自我傷害（自殺）,11,311,11.54,9.06,1.83
103年,總計,慢性肝病及肝硬化,13,284,10.54,6.29,1.68
103年,總計,骨骼肌肉系統及結締組織之疾病,12,309,11.47,5.02,1.82
103年,總計,帕金森病,15,135,5.01,2.23,0.8
103年,總計,血管性及未明示之癡呆症,14,198,7.35,2.78,1.17
103年,總計,原位與良性腫瘤（惡性腫瘤除外）,16,124,4.6,2.3,0.73
103年,總計,肇因於吸入外物之肺部病況（塵肺症及肺炎除外）,18,86,3.19,1.42,0.51
103年,總計,主動脈瘤及剝離,17,88,3.27,1.69,0.52
103年,總計,胃及十二指腸潰瘍,23,42,1.56,0.76,0.25
103年,總計,結核病,20,54,2,0.93,0.32
103年,總計,源於周產期的特定病況,19,55,2.04,3.66,0.32
103年,總計,膽結石及其他膽囊疾患,21,51,1.89,0.88,0.3
103年,總計,皮膚及皮下組織疾病,24,37,1.37,0.7,0.22
103年,總計,先天性畸形變形及染色體異常,22,45,1.67,2.46,0.27
103年,總計,衰老/老邁,26,34,1.26,0.47,0.2
103年,總計,疝氣及腸阻塞,25,35,1.3,0.58,0.21
103年,總計,貧血,27,31,1.15,0.58,0.18
103年,總計,病毒性肝炎,28,28,1.04,0.67,0.17
103年,總計,人類免疫缺乏病毒（HIV）疾病,31,17,0.63,0.48,0.1
103年,總計,流行性感冒,31,17,0.63,0.35,0.1
103年,總計,椎骨肌肉萎縮及有關聯之症候群,29,27,1,0.67,0.16
103年,總計,加害（他殺）,30,18,0.67,0.7,0.11
103年,總計,腸道感染症,37,5,0.19,0.09,0.03
103年,總計,塵肺症,33,11,0.41,0.2,0.06
103年,總計,阿茲海默病,34,10,0.37,0.18,0.06
103年,總計,腦膜炎,35,8,0.3,0.2,0.05
103年,總計,嬰兒猝死症候群（SIDS）,37,5,0.19,0.33,0.03
103年,總計,動脈粥樣硬化,36,7,0.26,0.12,0.04
103年,總計,妊娠(懷孕)、生產及產褥期,--,0,0,0,0
103年,總計,急性支氣管炎及急性細支氣管炎,--,0,0,0,0
103年,總計,嚴重特殊傳染性肺炎（COVID-19）,--,0,0,0,0
103年,總計,其他,--,"1,785",66.25,34.52,10.53
103年,男性,所有死因,--,"9,907",766.33,422.54,100
103年,男性,惡性腫瘤,1,"2,824",218.44,127.74,28.51
103年,男性,心臟疾病（高血壓性疾病除外）,2,"1,480",114.48,61.76,14.94
103年,男性,腦血管疾病,3,722,55.85,29.48,7.29
103年,男性,肺炎,4,638,49.35,22.19,6.44
103年,男性,糖尿病,6,434,33.57,18.3,4.38
103年,男性,慢性下呼吸道疾病,5,475,36.74,15.8,4.79
103年,男性,敗血症,9,269,20.81,10,2.72
103年,男性,高血壓性疾病,10,241,18.64,8.72,2.43
103年,男性,腎炎、腎病症候群及腎病變,8,284,21.97,10.97,2.87
103年,男性,事故傷害,7,318,24.6,16.98,3.21
103年,男性,蓄意自我傷害（自殺）,12,181,14,10.85,1.83
103年,男性,慢性肝病及肝硬化,11,188,14.54,9.34,1.9
103年,男性,骨骼肌肉系統及結締組織之疾病,13,148,11.45,5.05,1.49
103年,男性,帕金森病,14,91,7.04,3.16,0.92
103年,男性,血管性及未明示之癡呆症,15,84,6.5,2.52,0.85
103年,男性,原位與良性腫瘤（惡性腫瘤除外）,16,74,5.72,2.83,0.75
103年,男性,肇因於吸入外物之肺部病況（塵肺症及肺炎除外）,18,55,4.25,1.9,0.56
103年,男性,主動脈瘤及剝離,17,61,4.72,2.59,0.62
103年,男性,胃及十二指腸潰瘍,24,22,1.7,0.9,0.22
103年,男性,結核病,19,36,2.78,1.3,0.36
103年,男性,源於周產期的特定病況,20,31,2.4,4.03,0.31
103年,男性,膽結石及其他膽囊疾患,21,29,2.24,1.1,0.29
103年,男性,皮膚及皮下組織疾病,26,19,1.47,0.86,0.19
103年,男性,先天性畸形變形及染色體異常,21,29,2.24,3.3,0.29
103年,男性,衰老/老邁,29,15,1.16,0.47,0.15
103年,男性,疝氣及腸阻塞,23,23,1.78,0.85,0.23
103年,男性,貧血,27,18,1.39,0.72,0.18
103年,男性,病毒性肝炎,28,17,1.31,0.85,0.17
103年,男性,人類免疫缺乏病毒（HIV）疾病,29,15,1.16,0.94,0.15
103年,男性,流行性感冒,33,9,0.7,0.44,0.09
103年,男性,椎骨肌肉萎縮及有關聯之症候群,24,22,1.7,1.19,0.22
103年,男性,加害（他殺）,31,14,1.08,1.19,0.14
103年,男性,腸道感染症,36,3,0.23,0.1,0.03
103年,男性,塵肺症,32,11,0.85,0.42,0.11
103年,男性,阿茲海默病,35,4,0.31,0.14,0.04
103年,男性,腦膜炎,34,5,0.39,0.29,0.05
103年,男性,嬰兒猝死症候群（SIDS）,38,2,0.15,0.26,0
103年,男性,動脈粥樣硬化,36,3,0.23,0.11,0.03
103年,男性,妊娠(懷孕)、生產及產褥期,--,0,0,0,0
103年,男性,急性支氣管炎及急性細支氣管炎,--,0,0,0,0
103年,男性,嚴重特殊傳染性肺炎（COVID-19）,--,0,0,0,0
103年,男性,其他,--,"1,013",78.36,42.91,10.25
103年,女性,所有死因,--,"7,044",502.56,254.29,100
103年,女性,惡性腫瘤,1,"2,078",148.26,83.07,29.5
103年,女性,心臟疾病（高血壓性疾病除外）,2,"1,009",71.99,33.14,14.32
103年,女性,腦血管疾病,3,490,34.96,16.33,6.96
103年,女性,肺炎,4,422,30.11,12.67,5.99
103年,女性,糖尿病,5,421,30.04,14.4,5.98
103年,女性,慢性下呼吸道疾病,8,181,12.91,5.21,2.57
103年,女性,敗血症,9,176,12.56,5.61,2.5
103年,女性,高血壓性疾病,7,220,15.7,6.59,3.12
103年,女性,腎炎、腎病症候群及腎病變,6,272,19.41,9.01,3.86
103年,女性,事故傷害,11,140,9.99,6,1.99
103年,女性,蓄意自我傷害（自殺）,12,130,9.27,7.58,1.85
103年,女性,慢性肝病及肝硬化,14,96,6.85,3.62,1.36
103年,女性,骨骼肌肉系統及結締組織之疾病,10,161,11.49,5.03,2.29
103年,女性,帕金森病,16,44,3.14,1.41,0.62
103年,女性,血管性及未明示之癡呆症,13,114,8.13,3.08,1.62
103年,女性,原位與良性腫瘤（惡性腫瘤除外）,15,50,3.57,1.8,0.71
103年,女性,肇因於吸入外物之肺部病況（塵肺症及肺炎除外）,17,31,2.21,0.96,0.44
103年,女性,主動脈瘤及剝離,18,27,1.93,0.92,0.38
103年,女性,胃及十二指腸潰瘍,21,20,1.43,0.66,0.28
103年,女性,結核病,23,18,1.28,0.59,0.26
103年,女性,源於周產期的特定病況,19,24,1.71,3.28,0.34
103年,女性,膽結石及其他膽囊疾患,20,22,1.57,0.7,0.31
103年,女性,皮膚及皮下組織疾病,23,18,1.28,0.59,0.26
103年,女性,先天性畸形變形及染色體異常,25,16,1.14,1.58,0.23
103年,女性,衰老/老邁,22,19,1.36,0.48,0.27
103年,女性,疝氣及腸阻塞,27,12,0.86,0.34,0.17
103年,女性,貧血,26,13,0.93,0.43,0.18
103年,女性,病毒性肝炎,28,11,0.78,0.5,0.16
103年,女性,人類免疫缺乏病毒（HIV）疾病,36,2,0.14,0.09,0.03
103年,女性,流行性感冒,29,8,0.57,0.28,0.11
103年,女性,椎骨肌肉萎縮及有關聯之症候群,31,5,0.36,0.2,0.07
103年,女性,加害（他殺）,32,4,0.29,0.21,0.06
103年,女性,腸道感染症,36,2,0.14,0.08,0.03
103年,女性,塵肺症,--,0,0,0,0
103年,女性,阿茲海默病,30,6,0.43,0.22,0.09
103年,女性,腦膜炎,34,3,0.21,0.11,0.04
103年,女性,嬰兒猝死症候群（SIDS）,34,3,0.21,0.41,0.04
103年,女性,動脈粥樣硬化,32,4,0.29,0.13,0.06
103年,女性,妊娠(懷孕)、生產及產褥期,--,0,0,0,0
103年,女性,急性支氣管炎及急性細支氣管炎,--,0,0,0,0
103年,女性,嚴重特殊傳染性肺炎（COVID-19）,--,0,0,0,0
103年,女性,其他,--,772,55.08,26.99,10.96
104年,總計,所有死因,--,"17,160",634.72,325.57,100
104年,總計,惡性腫瘤,1,"5,025",185.87,102.84,29.28
104年,總計,心臟疾病（高血壓性疾病除外）,2,"2,381",88.07,42.6,13.88
104年,總計,腦血管疾病,3,"1,153",42.65,20.08,6.72
104年,總計,肺炎,4,"1,125",41.61,17.37,6.56
104年,總計,糖尿病,5,773,28.59,13.87,4.5
104年,總計,慢性下呼吸道疾病,6,636,23.52,9.54,3.71
104年,總計,敗血症,9,462,17.09,7.49,2.69
104年,總計,高血壓性疾病,8,463,17.13,7.65,2.7
104年,總計,腎炎、腎病症候群及腎病變,7,565,20.9,9.68,3.29
104年,總計,事故傷害,10,435,16.09,11.05,2.53
104年,總計,蓄意自我傷害（自殺）,11,318,11.76,8.72,1.85
104年,總計,慢性肝病及肝硬化,14,278,10.28,5.96,1.62
104年,總計,骨骼肌肉系統及結締組織之疾病,13,297,10.99,4.67,1.73
104年,總計,帕金森病,15,180,6.66,2.95,1.05
104年,總計,血管性及未明示之癡呆症,12,299,11.06,3.97,1.74
104年,總計,原位與良性腫瘤（惡性腫瘤除外）,16,174,6.44,3.24,1.01
104年,總計,肇因於吸入外物之肺部病況（塵肺症及肺炎除外）,17,111,4.11,1.61,0.65
104年,總計,主動脈瘤及剝離,19,72,2.66,1.39,0.42
104年,總計,胃及十二指腸潰瘍,23,47,1.74,0.78,0.27
104年,總計,結核病,21,48,1.78,0.78,0.28
104年,總計,源於周產期的特定病況,18,73,2.7,4.68,0.43
104年,總計,膽結石及其他膽囊疾患,24,45,1.66,0.74,0.26
104年,總計,皮膚及皮下組織疾病,20,50,1.85,0.8,0.29
104年,總計,先天性畸形變形及染色體異常,25,36,1.33,1.94,0.21
104年,總計,衰老/老邁,29,23,0.85,0.31,0.13
104年,總計,疝氣及腸阻塞,21,48,1.78,0.83,0.28
104年,總計,貧血,27,28,1.04,0.6,0.16
104年,總計,病毒性肝炎,26,32,1.18,0.71,0.19
104年,總計,人類免疫缺乏病毒（HIV）疾病,35,9,0.33,0.31,0.05
104年,總計,流行性感冒,28,24,0.89,0.44,0.14
104年,總計,椎骨肌肉萎縮及有關聯之症候群,30,17,0.63,0.39,0.1
104年,總計,加害（他殺）,30,17,0.63,0.63,0.1
104年,總計,腸道感染症,35,9,0.33,0.16,0.05
104年,總計,塵肺症,32,13,0.48,0.23,0.08
104年,總計,阿茲海默病,37,7,0.26,0.11,0.04
104年,總計,腦膜炎,34,10,0.37,0.27,0.06
104年,總計,嬰兒猝死症候群（SIDS）,38,4,0.15,0.26,0.02
104年,總計,動脈粥樣硬化,33,12,0.44,0.18,0.07
104年,總計,妊娠(懷孕)、生產及產褥期,39,3,0.11,0.1,0.02
104年,總計,急性支氣管炎及急性細支氣管炎,40,1,0.04,0.02,0.01
104年,總計,嚴重特殊傳染性肺炎（COVID-19）,--,0,0,0,0
104年,總計,其他,--,"1,857",68.69,35.63,10.82
104年,男性,所有死因,--,"9,932",766.62,414.33,100
104年,男性,惡性腫瘤,1,"2,855",220.37,127.13,28.75
104年,男性,心臟疾病（高血壓性疾病除外）,2,"1,415",109.22,56.98,14.25
104年,男性,腦血管疾病,4,667,51.48,26.11,6.72
104年,男性,肺炎,3,685,52.87,22.79,6.9
104年,男性,糖尿病,6,413,31.88,16.92,4.16
104年,男性,慢性下呼吸道疾病,5,470,36.28,15,4.73
104年,男性,敗血症,8,285,22,10.05,2.87
104年,男性,高血壓性疾病,10,237,18.29,9.34,2.39
104年,男性,腎炎、腎病症候群及腎病變,9,282,21.77,10.57,2.84
104年,男性,事故傷害,7,303,23.39,16.86,3.05
104年,男性,蓄意自我傷害（自殺）,11,205,15.82,11.73,2.06
104年,男性,慢性肝病及肝硬化,12,173,13.35,8.46,1.74
104年,男性,骨骼肌肉系統及結締組織之疾病,15,112,8.64,3.68,1.13
104年,男性,帕金森病,14,116,8.95,4.19,1.17
104年,男性,血管性及未明示之癡呆症,13,128,9.88,3.6,1.29
104年,男性,原位與良性腫瘤（惡性腫瘤除外）,16,88,6.79,3.42,0.89
104年,男性,肇因於吸入外物之肺部病況（塵肺症及肺炎除外）,17,61,4.71,1.87,0.61
104年,男性,主動脈瘤及剝離,18,46,3.55,2.08,0.46
104年,男性,胃及十二指腸潰瘍,23,28,2.16,1.04,0.28
104年,男性,結核病,21,34,2.62,1.25,0.34
104年,男性,源於周產期的特定病況,19,43,3.32,5.35,0.43
104年,男性,膽結石及其他膽囊疾患,22,29,2.24,1.04,0.29
104年,男性,皮膚及皮下組織疾病,20,36,2.78,1.3,0.36
104年,男性,先天性畸形變形及染色體異常,26,18,1.39,2,0.18
104年,男性,衰老/老邁,29,13,1,0.37,0.13
104年,男性,疝氣及腸阻塞,24,27,2.08,0.94,0.27
104年,男性,貧血,28,14,1.08,0.68,0.14
104年,男性,病毒性肝炎,25,20,1.54,1.02,0.2
104年,男性,人類免疫缺乏病毒（HIV）疾病,33,9,0.69,0.65,0.09
104年,男性,流行性感冒,27,15,1.16,0.63,0.15
104年,男性,椎骨肌肉萎縮及有關聯之症候群,29,13,1,0.65,0.13
104年,男性,加害（他殺）,32,12,0.93,0.84,0.12
104年,男性,腸道感染症,34,6,0.46,0.25,0.06
104年,男性,塵肺症,29,13,1,0.5,0.13
104年,男性,阿茲海默病,36,3,0.23,0.1,0.03
104年,男性,腦膜炎,35,4,0.31,0.24,0.04
104年,男性,嬰兒猝死症候群（SIDS）,37,2,0.15,0.25,0
104年,男性,動脈粥樣硬化,37,2,0.15,0.09,0.02
104年,男性,妊娠(懷孕)、生產及產褥期,--,0,0,0,0
104年,男性,急性支氣管炎及急性細支氣管炎,39,1,0.08,0.04,0
104年,男性,嚴重特殊傳染性肺炎（COVID-19）,--,0,0,0,0
104年,男性,其他,--,"1,049",80.97,44.33,10.59
104年,女性,所有死因,--,"7,228",513.35,250.23,100
104年,女性,惡性腫瘤,1,"2,170",154.12,82.57,30.02
104年,女性,心臟疾病（高血壓性疾病除外）,2,966,68.61,30.53,13.36
104年,女性,腦血管疾病,3,486,34.52,15.13,6.72
104年,女性,肺炎,4,440,31.25,12.64,6.09
104年,女性,糖尿病,5,360,25.57,11.32,4.98
104年,女性,慢性下呼吸道疾病,11,166,11.79,4.75,2.3
104年,女性,敗血症,9,177,12.57,5.31,2.45
104年,女性,高血壓性疾病,7,226,16.05,6.33,3.13
104年,女性,腎炎、腎病症候群及腎病變,6,283,20.1,8.92,3.92
104年,女性,事故傷害,12,132,9.37,5.72,1.83
104年,女性,蓄意自我傷害（自殺）,13,113,8.03,6.07,1.56
104年,女性,慢性肝病及肝硬化,14,105,7.46,3.83,1.45
104年,女性,骨骼肌肉系統及結締組織之疾病,8,185,13.14,5.53,2.56
104年,女性,帕金森病,16,64,4.55,1.92,0.89
104年,女性,血管性及未明示之癡呆症,10,171,12.14,4.37,2.37
104年,女性,原位與良性腫瘤（惡性腫瘤除外）,15,86,6.11,3.1,1.19
104年,女性,肇因於吸入外物之肺部病況（塵肺症及肺炎除外）,17,50,3.55,1.36,0.69
104年,女性,主動脈瘤及剝離,19,26,1.85,0.84,0.36
104年,女性,胃及十二指腸潰瘍,21,19,1.35,0.57,0.26
104年,女性,結核病,24,14,0.99,0.39,0.19
104年,女性,源於周產期的特定病況,18,30,2.13,3.96,0.42
104年,女性,膽結石及其他膽囊疾患,23,16,1.14,0.47,0.22
104年,女性,皮膚及皮下組織疾病,24,14,0.99,0.39,0.19
104年,女性,先天性畸形變形及染色體異常,22,18,1.28,1.88,0.25
104年,女性,衰老/老邁,28,10,0.71,0.27,0.14
104年,女性,疝氣及腸阻塞,20,21,1.49,0.75,0.29
104年,女性,貧血,24,14,0.99,0.55,0.19
104年,女性,病毒性肝炎,27,12,0.85,0.45,0.17
104年,女性,人類免疫缺乏病毒（HIV）疾病,--,0,0,0,0
104年,女性,流行性感冒,30,9,0.64,0.26,0.12
104年,女性,椎骨肌肉萎縮及有關聯之症候群,33,4,0.28,0.18,0.06
104年,女性,加害（他殺）,32,5,0.36,0.43,0.07
104年,女性,腸道感染症,35,3,0.21,0.08,0.04
104年,女性,塵肺症,--,0,0,0,0
104年,女性,阿茲海默病,33,4,0.28,0.13,0.06
104年,女性,腦膜炎,31,6,0.43,0.31,0.08
104年,女性,嬰兒猝死症候群（SIDS）,37,2,0.14,0.26,0.03
104年,女性,動脈粥樣硬化,28,10,0.71,0.26,0.14
104年,女性,妊娠(懷孕)、生產及產褥期,35,3,0.21,0.19,0.04
104年,女性,急性支氣管炎及急性細支氣管炎,--,0,0,0,0
104年,女性,嚴重特殊傳染性肺炎（COVID-19）,--,0,0,0,0
104年,女性,其他,--,808,57.39,28.25,11.18
105年,總計,所有死因,--,"18,039",668.05,332.75,100
105年,總計,惡性腫瘤,1,"5,219",193.28,105,28.93
105年,總計,心臟疾病（高血壓性疾病除外）,2,"2,631",97.44,45.78,14.59
105年,總計,腦血管疾病,4,"1,206",44.66,20.76,6.69
105年,總計,肺炎,3,"1,274",47.18,19.36,7.06
105年,總計,糖尿病,5,829,30.7,14.5,4.6
105年,總計,慢性下呼吸道疾病,6,626,23.18,9.64,3.47
105年,總計,敗血症,8,529,19.59,8.15,2.93
105年,總計,高血壓性疾病,10,386,14.29,6.37,2.14
105年,總計,腎炎、腎病症候群及腎病變,7,611,22.63,10.24,3.39
105年,總計,事故傷害,9,457,16.92,11.14,2.53
105年,總計,蓄意自我傷害（自殺）,13,308,11.41,8.38,1.71
105年,總計,慢性肝病及肝硬化,14,279,10.33,5.97,1.55
105年,總計,骨骼肌肉系統及結締組織之疾病,12,319,11.81,4.67,1.77
105年,總計,帕金森病,15,206,7.63,3.29,1.14
105年,總計,血管性及未明示之癡呆症,11,344,12.74,4.4,1.91
105年,總計,原位與良性腫瘤（惡性腫瘤除外）,16,161,5.96,2.81,0.89
105年,總計,肇因於吸入外物之肺部病況（塵肺症及肺炎除外）,17,103,3.81,1.5,0.57
105年,總計,主動脈瘤及剝離,18,89,3.3,1.68,0.49
105年,總計,胃及十二指腸潰瘍,24,40,1.48,0.72,0.22
105年,總計,結核病,22,54,2,0.91,0.3
105年,總計,源於周產期的特定病況,21,56,2.07,3.69,0.31
105年,總計,膽結石及其他膽囊疾患,23,48,1.78,0.66,0.27
105年,總計,皮膚及皮下組織疾病,20,58,2.15,0.92,0.32
105年,總計,先天性畸形變形及染色體異常,27,36,1.33,2.07,0.2
105年,總計,衰老/老邁,28,28,1.04,0.34,0.16
105年,總計,疝氣及腸阻塞,25,39,1.44,0.64,0.22
105年,總計,貧血,29,24,0.89,0.44,0.13
105年,總計,病毒性肝炎,26,38,1.41,0.82,0.21
105年,總計,人類免疫缺乏病毒（HIV）疾病,33,10,0.37,0.33,0.06
105年,總計,流行性感冒,19,64,2.37,1.41,0.35
105年,總計,椎骨肌肉萎縮及有關聯之症候群,30,22,0.81,0.45,0.12
105年,總計,加害（他殺）,34,9,0.33,0.37,0.05
105年,總計,腸道感染症,31,16,0.59,0.26,0.09
105年,總計,塵肺症,35,7,0.26,0.13,0.04
105年,總計,阿茲海默病,32,13,0.48,0.2,0.07
105年,總計,腦膜炎,35,7,0.26,0.2,0.04
105年,總計,嬰兒猝死症候群（SIDS）,38,4,0.15,0.26,0.02
105年,總計,動脈粥樣硬化,37,6,0.22,0.09,0.03
105年,總計,妊娠(懷孕)、生產及產褥期,40,1,0.04,0.03,0.01
105年,總計,急性支氣管炎及急性細支氣管炎,39,2,0.07,0.1,0.01
105年,總計,嚴重特殊傳染性肺炎（COVID-19）,--,0,0,0,0
105年,總計,其他,--,"1,880",69.62,34.1,10.42
105年,男性,所有死因,--,"10,369",802.25,424.6,100
105年,男性,惡性腫瘤,1,"2,920",225.92,127.78,28.16
105年,男性,心臟疾病（高血壓性疾病除外）,2,"1,580",122.25,63.29,15.24
105年,男性,腦血管疾病,4,692,53.54,27.2,6.67
105年,男性,肺炎,3,780,60.35,26.06,7.52
105年,男性,糖尿病,6,398,30.79,15.92,3.84
105年,男性,慢性下呼吸道疾病,5,456,35.28,15.27,4.4
105年,男性,敗血症,9,290,22.44,9.62,2.8
105年,男性,高血壓性疾病,10,208,16.09,8.07,2.01
105年,男性,腎炎、腎病症候群及腎病變,7,334,25.84,12.57,3.22
105年,男性,事故傷害,8,304,23.52,16.38,2.93
105年,男性,蓄意自我傷害（自殺）,11,197,15.24,11.07,1.9
105年,男性,慢性肝病及肝硬化,12,190,14.7,9.09,1.83
105年,男性,骨骼肌肉系統及結締組織之疾病,14,137,10.6,4.36,1.32
105年,男性,帕金森病,15,130,10.06,4.51,1.25
105年,男性,血管性及未明示之癡呆症,13,148,11.45,4.06,1.43
105年,男性,原位與良性腫瘤（惡性腫瘤除外）,16,91,7.04,3.37,0.88
105年,男性,肇因於吸入外物之肺部病況（塵肺症及肺炎除外）,18,58,4.49,1.9,0.56
105年,男性,主動脈瘤及剝離,17,61,4.72,2.6,0.59
105年,男性,胃及十二指腸潰瘍,24,24,1.86,0.98,0.23
105年,男性,結核病,20,44,3.4,1.63,0.42
105年,男性,源於周產期的特定病況,21,34,2.63,4.33,0.33
105年,男性,膽結石及其他膽囊疾患,23,26,2.01,0.79,0.25
105年,男性,皮膚及皮下組織疾病,22,32,2.48,1.13,0.31
105年,男性,先天性畸形變形及染色體異常,27,21,1.62,2.24,0.2
105年,男性,衰老/老邁,29,12,0.93,0.35,0.12
105年,男性,疝氣及腸阻塞,26,23,1.78,0.75,0.22
105年,男性,貧血,29,12,0.93,0.5,0.12
105年,男性,病毒性肝炎,24,24,1.86,1.18,0.23
105年,男性,人類免疫缺乏病毒（HIV）疾病,32,10,0.77,0.69,0.1
105年,男性,流行性感冒,19,45,3.48,2.11,0.43
105年,男性,椎骨肌肉萎縮及有關聯之症候群,28,13,1.01,0.58,0.13
105年,男性,加害（他殺）,34,6,0.46,0.47,0.06
105年,男性,腸道感染症,31,11,0.85,0.41,0.11
105年,男性,塵肺症,33,7,0.54,0.29,0.07
105年,男性,阿茲海默病,35,4,0.31,0.09,0.04
105年,男性,腦膜炎,36,3,0.23,0.14,0.03
105年,男性,嬰兒猝死症候群（SIDS）,37,2,0.15,0.25,0.02
105年,男性,動脈粥樣硬化,37,2,0.15,0.07,0.02
105年,男性,妊娠(懷孕)、生產及產褥期,--,0,0,0,0
105年,男性,急性支氣管炎及急性細支氣管炎,37,2,0.15,0.19,0
105年,男性,嚴重特殊傳染性肺炎（COVID-19）,--,0,0,0,0
105年,男性,其他,--,"1,038",80.31,42.3,10.03
105年,女性,所有死因,--,"7,670",544.83,255.48,100
105年,女性,惡性腫瘤,1,"2,299",163.31,85.94,29.97
105年,女性,心臟疾病（高血壓性疾病除外）,2,"1,051",74.66,31.13,13.7
105年,女性,腦血管疾病,3,514,36.51,15.42,6.7
105年,女性,肺炎,4,494,35.09,13.78,6.44
105年,女性,糖尿病,5,431,30.62,13.33,5.62
105年,女性,慢性下呼吸道疾病,11,170,12.08,4.96,2.22
105年,女性,敗血症,7,239,16.98,6.93,3.12
105年,女性,高血壓性疾病,10,178,12.64,4.98,2.32
105年,女性,腎炎、腎病症候群及腎病變,6,277,19.68,8.33,3.61
105年,女性,事故傷害,12,153,10.87,6.37,1.99
105年,女性,蓄意自我傷害（自殺）,13,111,7.88,6.09,1.45
105年,女性,慢性肝病及肝硬化,14,89,6.32,3.25,1.16
105年,女性,骨骼肌肉系統及結締組織之疾病,9,182,12.93,5.01,2.37
105年,女性,帕金森病,15,76,5.4,2.27,0.99
105年,女性,血管性及未明示之癡呆症,8,196,13.92,4.73,2.56
105年,女性,原位與良性腫瘤（惡性腫瘤除外）,16,70,4.97,2.36,0.91
105年,女性,肇因於吸入外物之肺部病況（塵肺症及肺炎除外）,17,45,3.2,1.17,0.59
105年,女性,主動脈瘤及剝離,18,28,1.99,0.9,0.37
105年,女性,胃及十二指腸潰瘍,23,16,1.14,0.51,0.21
105年,女性,結核病,29,10,0.71,0.3,0.13
105年,女性,源於周產期的特定病況,20,22,1.56,3.01,0.29
105年,女性,膽結石及其他膽囊疾患,20,22,1.56,0.56,0.29
105年,女性,皮膚及皮下組織疾病,19,26,1.85,0.76,0.34
105年,女性,先天性畸形變形及染色體異常,26,15,1.07,1.93,0.2
105年,女性,衰老/老邁,23,16,1.14,0.34,0.21
105年,女性,疝氣及腸阻塞,23,16,1.14,0.55,0.21
105年,女性,貧血,28,12,0.85,0.4,0.16
105年,女性,病毒性肝炎,27,14,0.99,0.51,0.18
105年,女性,人類免疫缺乏病毒（HIV）疾病,--,0,0,0,0
105年,女性,流行性感冒,22,19,1.35,0.83,0.25
105年,女性,椎骨肌肉萎縮及有關聯之症候群,30,9,0.64,0.34,0.12
105年,女性,加害（他殺）,35,3,0.21,0.27,0.04
105年,女性,腸道感染症,32,5,0.36,0.14,0.07
105年,女性,塵肺症,--,0,0,0,0
105年,女性,阿茲海默病,30,9,0.64,0.28,0.12
105年,女性,腦膜炎,33,4,0.28,0.26,0.05
105年,女性,嬰兒猝死症候群（SIDS）,36,2,0.14,0.27,0.03
105年,女性,動脈粥樣硬化,33,4,0.28,0.1,0.05
105年,女性,妊娠(懷孕)、生產及產褥期,37,1,0.07,0.06,0.01
105年,女性,急性支氣管炎及急性細支氣管炎,--,0,0,0,0
105年,女性,嚴重特殊傳染性肺炎（COVID-19）,--,0,0,0,0
105年,女性,其他,--,842,59.81,27.1,10.98
106年,總計,所有死因,--,"17,634",655.67,316.47,100
106年,總計,惡性腫瘤,1,"5,062",188.21,98.69,28.71
106年,總計,心臟疾病（高血壓性疾病除外）,2,"2,750",102.25,45.83,15.59
106年,總計,腦血管疾病,4,"1,197",44.51,20.28,6.79
106年,總計,肺炎,3,"1,423",52.91,20.75,8.07
106年,總計,糖尿病,5,728,27.07,12.43,4.13
106年,總計,慢性下呼吸道疾病,7,590,21.94,8.54,3.35
106年,總計,敗血症,8,463,17.22,7.2,2.63
106年,總計,高血壓性疾病,10,369,13.72,5.8,2.09
106年,總計,腎炎、腎病症候群及腎病變,6,592,22.01,9.55,3.36
106年,總計,事故傷害,9,443,16.47,11.09,2.51
106年,總計,蓄意自我傷害（自殺）,11,317,11.79,8.89,1.8
106年,總計,慢性肝病及肝硬化,13,269,10,5.58,1.53
106年,總計,骨骼肌肉系統及結締組織之疾病,14,189,7.03,3.16,1.07
106年,總計,帕金森病,14,189,7.03,2.87,1.07
106年,總計,血管性及未明示之癡呆症,12,310,11.53,3.88,1.76
106年,總計,原位與良性腫瘤（惡性腫瘤除外）,16,165,6.14,2.77,0.94
106年,總計,肇因於吸入外物之肺部病況（塵肺症及肺炎除外）,18,89,3.31,1.21,0.5
106年,總計,主動脈瘤及剝離,17,97,3.61,1.8,0.55
106年,總計,胃及十二指腸潰瘍,19,53,1.97,0.89,0.3
106年,總計,結核病,23,41,1.52,0.65,0.23
106年,總計,源於周產期的特定病況,21,44,1.64,3.11,0.25
106年,總計,膽結石及其他膽囊疾患,22,43,1.6,0.66,0.24
106年,總計,皮膚及皮下組織疾病,20,50,1.86,0.85,0.28
106年,總計,先天性畸形變形及染色體異常,28,33,1.23,2.06,0.19
106年,總計,衰老/老邁,29,28,1.04,0.35,0.16
106年,總計,疝氣及腸阻塞,24,39,1.45,0.61,0.22
106年,總計,貧血,27,35,1.3,0.61,0.2
106年,總計,病毒性肝炎,24,39,1.45,0.81,0.22
106年,總計,人類免疫缺乏病毒（HIV）疾病,36,7,0.26,0.21,0.04
106年,總計,流行性感冒,26,37,1.38,0.62,0.21
106年,總計,椎骨肌肉萎縮及有關聯之症候群,30,21,0.78,0.47,0.12
106年,總計,加害（他殺）,33,12,0.45,0.41,0.07
106年,總計,腸道感染症,32,13,0.48,0.24,0.07
106年,總計,塵肺症,33,12,0.45,0.18,0.07
106年,總計,阿茲海默病,31,15,0.56,0.18,0.09
106年,總計,腦膜炎,33,12,0.45,0.27,0.07
106年,總計,嬰兒猝死症候群（SIDS）,38,2,0.07,0.14,0.01
106年,總計,動脈粥樣硬化,37,5,0.19,0.07,0.03
106年,總計,妊娠(懷孕)、生產及產褥期,39,1,0.04,0.04,0.01
106年,總計,急性支氣管炎及急性細支氣管炎,39,1,0.04,0.03,0.01
106年,總計,嚴重特殊傳染性肺炎（COVID-19）,--,0,0,0,0
106年,總計,其他,--,"1,849",68.75,32.67,10.49
106年,男性,所有死因,--,"9,974",775.76,399.58,100
106年,男性,惡性腫瘤,1,"2,774",215.76,117.67,27.81
106年,男性,心臟疾病（高血壓性疾病除外）,2,"1,619",125.92,62.84,16.23
106年,男性,腦血管疾病,4,695,54.06,26.7,6.97
106年,男性,肺炎,3,868,67.51,28.54,8.7
106年,男性,糖尿病,6,341,26.52,13.49,3.42
106年,男性,慢性下呼吸道疾病,5,432,33.6,13.73,4.33
106年,男性,敗血症,9,278,21.62,9.65,2.79
106年,男性,高血壓性疾病,11,190,14.78,6.95,1.9
106年,男性,腎炎、腎病症候群及腎病變,8,289,22.48,10.61,2.9
106年,男性,事故傷害,7,303,23.57,16.53,3.04
106年,男性,蓄意自我傷害（自殺）,10,193,15.01,11.45,1.94
106年,男性,慢性肝病及肝硬化,12,169,13.14,8.18,1.69
106年,男性,骨骼肌肉系統及結締組織之疾病,16,88,6.84,3.36,0.88
106年,男性,帕金森病,14,106,8.24,3.54,1.06
106年,男性,血管性及未明示之癡呆症,13,141,10.97,3.91,1.41
106年,男性,原位與良性腫瘤（惡性腫瘤除外）,15,89,6.92,3.19,0.89
106年,男性,肇因於吸入外物之肺部病況（塵肺症及肺炎除外）,18,49,3.81,1.51,0.49
106年,男性,主動脈瘤及剝離,17,67,5.21,2.87,0.67
106年,男性,胃及十二指腸潰瘍,19,29,2.26,1.14,0.29
106年,男性,結核病,19,29,2.26,0.95,0.29
106年,男性,源於周產期的特定病況,21,28,2.18,3.84,0.28
106年,男性,膽結石及其他膽囊疾患,24,21,1.63,0.67,0.21
106年,男性,皮膚及皮下組織疾病,23,27,2.1,1.1,0.27
106年,男性,先天性畸形變形及染色體異常,28,15,1.17,1.76,0.15
106年,男性,衰老/老邁,29,12,0.93,0.33,0.12
106年,男性,疝氣及腸阻塞,25,18,1.4,0.6,0.18
106年,男性,貧血,25,18,1.4,0.76,0.18
106年,男性,病毒性肝炎,21,28,2.18,1.31,0.28
106年,男性,人類免疫缺乏病毒（HIV）疾病,33,5,0.39,0.35,0.05
106年,男性,流行性感冒,27,17,1.32,0.58,0.17
106年,男性,椎骨肌肉萎縮及有關聯之症候群,31,10,0.78,0.43,0.1
106年,男性,加害（他殺）,33,5,0.39,0.34,0.05
106年,男性,腸道感染症,33,5,0.39,0.22,0.05
106年,男性,塵肺症,29,12,0.93,0.39,0.12
106年,男性,阿茲海默病,32,9,0.7,0.25,0.09
106年,男性,腦膜炎,33,5,0.39,0.29,0.05
106年,男性,嬰兒猝死症候群（SIDS）,37,1,0.08,0.14,0
106年,男性,動脈粥樣硬化,37,1,0.08,0.02,0.01
106年,男性,妊娠(懷孕)、生產及產褥期,--,0,0,0,0
106年,男性,急性支氣管炎及急性細支氣管炎,--,0,0,0,0
106年,男性,嚴重特殊傳染性肺炎（COVID-19）,--,0,0,0,0
106年,男性,其他,--,988,76.84,39.38,9.92
106年,女性,所有死因,--,"7,660",545.67,247.47,100
106年,女性,惡性腫瘤,1,"2,288",162.99,83.14,29.87
106年,女性,心臟疾病（高血壓性疾病除外）,2,"1,131",80.57,31.74,14.77
106年,女性,腦血管疾病,4,502,35.76,15.09,6.55
106年,女性,肺炎,3,555,39.54,14.43,7.25
106年,女性,糖尿病,5,387,27.57,11.57,5.05
106年,女性,慢性下呼吸道疾病,10,158,11.26,4.25,2.06
106年,女性,敗血症,7,185,13.18,5.22,2.42
106年,女性,高血壓性疾病,8,179,12.75,4.82,2.34
106年,女性,腎炎、腎病症候群及腎病變,6,303,21.58,8.69,3.96
106年,女性,事故傷害,11,140,9.97,6.29,1.83
106年,女性,蓄意自我傷害（自殺）,12,124,8.83,6.59,1.62
106年,女性,慢性肝病及肝硬化,14,100,7.12,3.34,1.31
106年,女性,骨骼肌肉系統及結締組織之疾病,13,101,7.19,3,1.32
106年,女性,帕金森病,15,83,5.91,2.32,1.08
106年,女性,血管性及未明示之癡呆症,9,169,12.04,3.89,2.21
106年,女性,原位與良性腫瘤（惡性腫瘤除外）,16,76,5.41,2.42,0.99
106年,女性,肇因於吸入外物之肺部病況（塵肺症及肺炎除外）,17,40,2.85,0.96,0.52
106年,女性,主動脈瘤及剝離,18,30,2.14,0.93,0.39
106年,女性,胃及十二指腸潰瘍,19,24,1.71,0.69,0.31
106年,女性,結核病,28,12,0.85,0.38,0.16
106年,女性,源於周產期的特定病況,26,16,1.14,2.34,0.21
106年,女性,膽結石及其他膽囊疾患,21,22,1.57,0.67,0.29
106年,女性,皮膚及皮下組織疾病,20,23,1.64,0.64,0.3
106年,女性,先天性畸形變形及染色體異常,24,18,1.28,2.37,0.23
106年,女性,衰老/老邁,26,16,1.14,0.37,0.21
106年,女性,疝氣及腸阻塞,22,21,1.5,0.61,0.27
106年,女性,貧血,25,17,1.21,0.48,0.22
106年,女性,病毒性肝炎,29,11,0.78,0.42,0.14
106年,女性,人類免疫缺乏病毒（HIV）疾病,36,2,0.14,0.07,0.03
106年,女性,流行性感冒,23,20,1.42,0.69,0.26
106年,女性,椎骨肌肉萎縮及有關聯之症候群,29,11,0.78,0.51,0.14
106年,女性,加害（他殺）,32,7,0.5,0.47,0.09
106年,女性,腸道感染症,31,8,0.57,0.26,0.1
106年,女性,塵肺症,--,0,0,0,0
106年,女性,阿茲海默病,34,6,0.43,0.12,0.08
106年,女性,腦膜炎,32,7,0.5,0.26,0.09
106年,女性,嬰兒猝死症候群（SIDS）,37,1,0.07,0.15,0.01
106年,女性,動脈粥樣硬化,35,4,0.28,0.11,0.05
106年,女性,妊娠(懷孕)、生產及產褥期,37,1,0.07,0.07,0.01
106年,女性,急性支氣管炎及急性細支氣管炎,37,1,0.07,0.05,0.01
106年,女性,嚴重特殊傳染性肺炎（COVID-19）,--,0,0,0,0
106年,女性,其他,--,861,61.33,27.05,11.24
107年,總計,所有死因,--,"18,050",674.54,317.59,100
107年,總計,惡性腫瘤,1,"5,238",195.75,100.48,29.02
107年,總計,心臟疾病（高血壓性疾病除外）,2,"3,000",112.11,47.98,16.62
107年,總計,腦血管疾病,4,"1,152",43.05,18.57,6.38
107年,總計,肺炎,3,"1,619",60.5,22.32,8.97
107年,總計,糖尿病,5,692,25.86,11.34,3.83
107年,總計,慢性下呼吸道疾病,7,514,19.21,7.38,2.85
107年,總計,敗血症,9,449,16.78,7,2.49
107年,總計,高血壓性疾病,10,386,14.42,5.97,2.14
107年,總計,腎炎、腎病症候群及腎病變,6,621,23.21,9.73,3.44
107年,總計,事故傷害,8,455,17,10.85,2.52
107年,總計,蓄意自我傷害（自殺）,11,349,13.04,9.84,1.93
107年,總計,慢性肝病及肝硬化,12,238,8.89,4.97,1.32
107年,總計,骨骼肌肉系統及結締組織之疾病,16,108,4.04,2.13,0.6
107年,總計,帕金森病,14,147,5.49,2.15,0.81
107年,總計,血管性及未明示之癡呆症,13,169,6.32,2.1,0.94
107年,總計,原位與良性腫瘤（惡性腫瘤除外）,15,146,5.46,2.59,0.81
107年,總計,肇因於吸入外物之肺部病況（塵肺症及肺炎除外）,18,95,3.55,1.31,0.53
107年,總計,主動脈瘤及剝離,17,101,3.77,1.83,0.56
107年,總計,胃及十二指腸潰瘍,20,50,1.87,0.87,0.28
107年,總計,結核病,20,50,1.87,0.7,0.28
107年,總計,源於周產期的特定病況,22,48,1.79,3.78,0.27
107年,總計,膽結石及其他膽囊疾患,27,31,1.16,0.44,0.17
107年,總計,皮膚及皮下組織疾病,19,53,1.98,0.87,0.29
107年,總計,先天性畸形變形及染色體異常,22,48,1.79,2.55,0.27
107年,總計,衰老/老邁,27,31,1.16,0.38,0.17
107年,總計,疝氣及腸阻塞,25,41,1.53,0.71,0.23
107年,總計,貧血,24,42,1.57,0.69,0.23
107年,總計,病毒性肝炎,29,27,1.01,0.53,0.15
107年,總計,人類免疫缺乏病毒（HIV）疾病,35,8,0.3,0.23,0.04
107年,總計,流行性感冒,26,40,1.49,0.67,0.22
107年,總計,椎骨肌肉萎縮及有關聯之症候群,31,20,0.75,0.41,0.11
107年,總計,加害（他殺）,32,15,0.56,0.43,0.08
107年,總計,腸道感染症,34,10,0.37,0.14,0.06
107年,總計,塵肺症,33,12,0.45,0.19,0.07
107年,總計,阿茲海默病,30,22,0.82,0.28,0.12
107年,總計,腦膜炎,38,3,0.11,0.12,0.02
107年,總計,嬰兒猝死症候群（SIDS）,36,4,0.15,0.32,0.02
107年,總計,動脈粥樣硬化,36,4,0.15,0.06,0.02
107年,總計,妊娠(懷孕)、生產及產褥期,38,3,0.11,0.11,0.02
107年,總計,急性支氣管炎及急性細支氣管炎,40,1,0.04,0.07,0.01
107年,總計,嚴重特殊傳染性肺炎（COVID-19）,--,0,0,0,0
107年,總計,其他,--,"2,008",75.04,34.51,11.12
107年,男性,所有死因,--,"10,160",795.21,403.72,100
107年,男性,惡性腫瘤,1,"2,926",229.01,123.42,28.8
107年,男性,心臟疾病（高血壓性疾病除外）,2,"1,715",134.23,63.69,16.88
107年,男性,腦血管疾病,4,667,52.21,24.2,6.56
107年,男性,肺炎,3,924,72.32,29.18,9.09
107年,男性,糖尿病,6,341,26.69,13.21,3.36
107年,男性,慢性下呼吸道疾病,5,397,31.07,12.71,3.91
107年,男性,敗血症,9,252,19.72,8.96,2.48
107年,男性,高血壓性疾病,11,185,14.48,6.65,1.82
107年,男性,腎炎、腎病症候群及腎病變,7,294,23.01,10.52,2.89
107年,男性,事故傷害,7,294,23.01,15.59,2.89
107年,男性,蓄意自我傷害（自殺）,10,219,17.14,12.86,2.16
107年,男性,慢性肝病及肝硬化,12,158,12.37,7.66,1.56
107年,男性,骨骼肌肉系統及結締組織之疾病,18,42,3.29,1.71,0.41
107年,男性,帕金森病,13,88,6.89,2.93,0.87
107年,男性,血管性及未明示之癡呆症,15,67,5.24,1.93,0.66
107年,男性,原位與良性腫瘤（惡性腫瘤除外）,14,78,6.1,3.17,0.77
107年,男性,肇因於吸入外物之肺部病況（塵肺症及肺炎除外）,17,52,4.07,1.6,0.51
107年,男性,主動脈瘤及剝離,16,60,4.7,2.48,0.59
107年,男性,胃及十二指腸潰瘍,20,31,2.43,1.27,0.31
107年,男性,結核病,18,42,3.29,1.25,0.41
107年,男性,源於周產期的特定病況,21,30,2.35,4.6,0.3
107年,男性,膽結石及其他膽囊疾患,27,17,1.33,0.54,0.17
107年,男性,皮膚及皮下組織疾病,23,24,1.88,0.97,0.24
107年,男性,先天性畸形變形及染色體異常,22,27,2.11,3.13,0.27
107年,男性,衰老/老邁,29,12,0.94,0.36,0.12
107年,男性,疝氣及腸阻塞,24,23,1.8,0.95,0.23
107年,男性,貧血,25,19,1.49,0.73,0.19
107年,男性,病毒性肝炎,28,13,1.02,0.62,0.13
107年,男性,人類免疫缺乏病毒（HIV）疾病,33,7,0.55,0.45,0.07
107年,男性,流行性感冒,25,19,1.49,0.64,0.19
107年,男性,椎骨肌肉萎縮及有關聯之症候群,29,12,0.94,0.52,0.12
107年,男性,加害（他殺）,29,12,0.94,0.77,0.12
107年,男性,腸道感染症,35,4,0.31,0.13,0.04
107年,男性,塵肺症,29,12,0.94,0.44,0.12
107年,男性,阿茲海默病,34,5,0.39,0.14,0.05
107年,男性,腦膜炎,37,1,0.08,0.05,0.01
107年,男性,嬰兒猝死症候群（SIDS）,--,0,0,0,0
107年,男性,動脈粥樣硬化,36,2,0.16,0.07,0.02
106年,男性,妊娠(懷孕)、生產及產褥期,--,0,0,0,0
107年,男性,急性支氣管炎及急性細支氣管炎,37,1,0.08,0.14,0.01
107年,男性,嚴重特殊傳染性肺炎（COVID-19）,--,0,0,0,0
107年,男性,其他,--,"1,088",85.16,43.49,10.71
107年,女性,所有死因,--,"7,890",564.27,246.23,100
107年,女性,惡性腫瘤,1,"2,312",165.35,81.96,29.3
107年,女性,心臟疾病（高血壓性疾病除外）,2,"1,285",91.9,34.91,16.29
107年,女性,腦血管疾病,4,485,34.69,13.97,6.15
107年,女性,肺炎,3,695,49.7,16.8,8.81
107年,女性,糖尿病,5,351,25.1,9.76,4.45
107年,女性,慢性下呼吸道疾病,11,117,8.37,3.06,1.48
107年,女性,敗血症,8,197,14.09,5.42,2.5
107年,女性,高血壓性疾病,7,201,14.37,5.41,2.55
107年,女性,腎炎、腎病症候群及腎病變,6,327,23.39,9.09,4.14
107年,女性,事故傷害,9,161,11.51,6.71,2.04
107年,女性,蓄意自我傷害（自殺）,10,130,9.3,7.21,1.65
107年,女性,慢性肝病及肝硬化,13,80,5.72,2.68,1.01
107年,女性,骨骼肌肉系統及結締組織之疾病,15,66,4.72,2.49,0.84
107年,女性,帕金森病,16,59,4.22,1.53,0.75
107年,女性,血管性及未明示之癡呆症,12,102,7.29,2.26,1.29
107年,女性,原位與良性腫瘤（惡性腫瘤除外）,14,68,4.86,2.16,0.86
107年,女性,肇因於吸入外物之肺部病況（塵肺症及肺炎除外）,17,43,3.08,1.06,0.54
107年,女性,主動脈瘤及剝離,18,41,2.93,1.31,0.52
107年,女性,胃及十二指腸潰瘍,23,19,1.36,0.56,0.24
107年,女性,結核病,30,8,0.57,0.24,0.1
107年,女性,源於周產期的特定病況,25,18,1.29,2.92,0.23
107年,女性,膽結石及其他膽囊疾患,28,14,1,0.37,0.18
107年,女性,皮膚及皮下組織疾病,19,29,2.07,0.76,0.37
107年,女性,先天性畸形變形及染色體異常,21,21,1.5,1.91,0.27
107年,女性,衰老/老邁,23,19,1.36,0.4,0.24
107年,女性,疝氣及腸阻塞,25,18,1.29,0.49,0.23
107年,女性,貧血,20,23,1.64,0.63,0.29
107年,女性,病毒性肝炎,28,14,1,0.45,0.18
107年,女性,人類免疫缺乏病毒（HIV）疾病,38,1,0.07,0.03,0.01
107年,女性,流行性感冒,21,21,1.5,0.73,0.27
107年,女性,椎骨肌肉萎縮及有關聯之症候群,30,8,0.57,0.32,0.1
107年,女性,加害（他殺）,34,3,0.21,0.11,0.04
107年,女性,腸道感染症,32,6,0.43,0.15,0.08
107年,女性,塵肺症,--,0,0,0,0
107年,女性,阿茲海默病,27,17,1.22,0.39,0.22
107年,女性,腦膜炎,36,2,0.14,0.2,0.03
107年,女性,嬰兒猝死症候群（SIDS）,33,4,0.29,0.65,0.05
107年,女性,動脈粥樣硬化,36,2,0.14,0.06,0.03
107年,女性,妊娠(懷孕)、生產及產褥期,34,3,0.21,0.21,0.04
107年,女性,急性支氣管炎及急性細支氣管炎,--,0,0,0,0
107年,女性,嚴重特殊傳染性肺炎（COVID-19）,--,0,0,0,0
107年,女性,其他,--,920,65.8,26.87,11.66
108年,總計,所有死因,--,"18,024",678.41,309.9,100
108年,總計,惡性腫瘤,1,"5,326",200.47,99.46,29.55
108年,總計,心臟疾病（高血壓性疾病除外）,2,"2,793",105.13,44.13,15.5
108年,總計,腦血管疾病,4,"1,146",43.13,18.55,6.36
108年,總計,肺炎,3,"1,981",74.56,26.91,10.99
108年,總計,糖尿病,5,721,27.14,11.64,4
108年,總計,慢性下呼吸道疾病,7,505,19.01,7.01,2.8
108年,總計,敗血症,9,348,13.1,5.11,1.93
108年,總計,高血壓性疾病,10,339,12.76,4.9,1.88
108年,總計,腎炎、腎病症候群及腎病變,6,519,19.53,7.83,2.88
108年,總計,事故傷害,8,387,14.57,9.9,2.15
108年,總計,蓄意自我傷害（自殺）,10,339,12.76,10.05,1.88
108年,總計,慢性肝病及肝硬化,13,240,9.03,4.99,1.33
108年,總計,骨骼肌肉系統及結締組織之疾病,17,113,4.25,2.2,0.63
108年,總計,帕金森病,14,182,6.85,2.66,1.01
108年,總計,血管性及未明示之癡呆症,12,297,11.18,3.56,1.65
108年,總計,原位與良性腫瘤（惡性腫瘤除外）,15,139,5.23,2.31,0.77
108年,總計,肇因於吸入外物之肺部病況（塵肺症及肺炎除外）,18,66,2.48,0.89,0.37
108年,總計,主動脈瘤及剝離,16,125,4.7,2.22,0.69
108年,總計,胃及十二指腸潰瘍,24,42,1.58,0.74,0.23
108年,總計,結核病,22,44,1.66,0.63,0.24
108年,總計,源於周產期的特定病況,27,39,1.47,3.37,0.22
108年,總計,膽結石及其他膽囊疾患,26,40,1.51,0.56,0.22
108年,總計,皮膚及皮下組織疾病,19,57,2.15,0.86,0.32
108年,總計,先天性畸形變形及染色體異常,28,30,1.13,1.86,0.17
108年,總計,衰老/老邁,25,41,1.54,0.49,0.23
108年,總計,疝氣及腸阻塞,21,48,1.81,0.72,0.27
108年,總計,貧血,29,24,0.9,0.39,0.13
108年,總計,病毒性肝炎,23,43,1.62,0.86,0.24
108年,總計,人類免疫缺乏病毒（HIV）疾病,32,10,0.38,0.32,0.06
108年,總計,流行性感冒,20,54,2.03,0.94,0.3
108年,總計,椎骨肌肉萎縮及有關聯之症候群,31,19,0.72,0.35,0.11
108年,總計,加害（他殺）,35,5,0.19,0.11,0.03
108年,總計,腸道感染症,34,6,0.23,0.06,0.03
108年,總計,塵肺症,33,9,0.34,0.14,0.05
108年,總計,阿茲海默病,30,23,0.87,0.28,0.13
108年,總計,腦膜炎,36,4,0.15,0.08,0.02
108年,總計,嬰兒猝死症候群（SIDS）,39,1,0.04,0.03,0.01
108年,總計,動脈粥樣硬化,37,3,0.11,0.04,0.02
108年,總計,妊娠(懷孕)、生產及產褥期,39,1,0.04,0.09,0.01
108年,總計,急性支氣管炎及急性細支氣管炎,37,3,0.11,0.12,0.02
108年,總計,嚴重特殊傳染性肺炎（COVID-19）,--,0,0,0,0
108年,總計,其他,--,"1,912",71.97,32.53,10.61
108年,男性,所有死因,--,"10,066",794.66,394.8,100
108年,男性,惡性腫瘤,1,"2,946",232.57,121.16,29.27
108年,男性,心臟疾病（高血壓性疾病除外）,2,"1,544",121.89,57.98,15.34
108年,男性,腦血管疾病,4,654,51.63,25.03,6.5
108年,男性,肺炎,3,"1,125",88.81,35.52,11.18
108年,男性,糖尿病,5,370,29.21,14.08,3.68
108年,男性,慢性下呼吸道疾病,6,368,29.05,11.61,3.66
108年,男性,敗血症,10,199,15.71,6.71,1.98
108年,男性,高血壓性疾病,12,160,12.63,5.63,1.59
108年,男性,腎炎、腎病症候群及腎病變,7,265,20.92,8.96,2.63
108年,男性,事故傷害,8,249,19.66,13.86,2.47
108年,男性,蓄意自我傷害（自殺）,9,212,16.74,13.35,2.11
108年,男性,慢性肝病及肝硬化,11,170,13.42,8.32,1.69
108年,男性,骨骼肌肉系統及結締組織之疾病,17,42,3.32,1.73,0.42
108年,男性,帕金森病,14,111,8.76,3.73,1.1
108年,男性,血管性及未明示之癡呆症,13,148,11.68,4.07,1.47
108年,男性,原位與良性腫瘤（惡性腫瘤除外）,15,74,5.84,2.59,0.74
108年,男性,肇因於吸入外物之肺部病況（塵肺症及肺炎除外）,21,31,2.45,0.9,0.31
108年,男性,主動脈瘤及剝離,16,71,5.61,3.01,0.71
108年,男性,胃及十二指腸潰瘍,22,25,1.97,1.07,0.25
108年,男性,結核病,19,36,2.84,1.13,0.36
108年,男性,源於周產期的特定病況,25,23,1.82,3.85,0.23
108年,男性,膽結石及其他膽囊疾患,22,25,1.97,0.84,0.25
108年,男性,皮膚及皮下組織疾病,20,32,2.53,1.04,0.32
108年,男性,先天性畸形變形及染色體異常,28,17,1.34,2.1,0.17
108年,男性,衰老/老邁,27,18,1.42,0.53,0.18
108年,男性,疝氣及腸阻塞,24,24,1.89,0.84,0.24
108年,男性,貧血,29,11,0.87,0.38,0.11
108年,男性,病毒性肝炎,26,21,1.66,1.04,0.21
108年,男性,人類免疫缺乏病毒（HIV）疾病,30,10,0.79,0.68,0.1
108年,男性,流行性感冒,18,38,3,1.41,0.38
108年,男性,椎骨肌肉萎縮及有關聯之症候群,30,10,0.79,0.41,0.1
108年,男性,加害（他殺）,34,4,0.32,0.19,0.04
108年,男性,腸道感染症,34,4,0.32,0.09,0.04
108年,男性,塵肺症,32,9,0.71,0.32,0.09
108年,男性,阿茲海默病,33,7,0.55,0.21,0.07
108年,男性,腦膜炎,36,3,0.24,0.14,0.03
108年,男性,嬰兒猝死症候群（SIDS）,38,1,0.08,0.17,0.01
108年,男性,動脈粥樣硬化,38,1,0.08,0.02,0.01
108年,男性,妊娠(懷孕)、生產及產褥期,--,0,0,0,0
108年,男性,急性支氣管炎及急性細支氣管炎,37,2,0.16,0.19,0.02
108年,男性,嚴重特殊傳染性肺炎（COVID-19）,--,0,0,0,0
108年,男性,其他,--,"1,006",79.42,39.9,9.99
108年,女性,所有死因,--,"7,958",572.48,239.93,100
108年,女性,惡性腫瘤,1,"2,380",171.21,82.22,29.91
108年,女性,心臟疾病（高血壓性疾病除外）,2,"1,249",89.85,32.65,15.69
108年,女性,腦血管疾病,4,492,35.39,13.15,6.18
108年,女性,肺炎,3,856,61.58,20.12,10.76
108年,女性,糖尿病,5,351,25.25,9.56,4.41
108年,女性,慢性下呼吸道疾病,11,137,9.86,3.39,1.72
108年,女性,敗血症,8,149,10.72,3.88,1.87
108年,女性,高血壓性疾病,7,179,12.88,4.27,2.25
108年,女性,腎炎、腎病症候群及腎病變,6,254,18.27,6.85,3.19
108年,女性,事故傷害,10,138,9.93,6.33,1.73
108年,女性,蓄意自我傷害（自殺）,12,127,9.14,7.07,1.6
108年,女性,慢性肝病及肝硬化,15,70,5.04,2.13,0.88
108年,女性,骨骼肌肉系統及結締組織之疾病,13,71,5.11,2.65,0.89
108年,女性,帕金森病,13,71,5.11,1.83,0.89
108年,女性,血管性及未明示之癡呆症,8,149,10.72,3.18,1.87
108年,女性,原位與良性腫瘤（惡性腫瘤除外）,16,65,4.68,2.13,0.82
108年,女性,肇因於吸入外物之肺部病況（塵肺症及肺炎除外）,18,35,2.52,0.87,0.44
108年,女性,主動脈瘤及剝離,17,54,3.88,1.53,0.68
108年,女性,胃及十二指腸潰瘍,23,17,1.22,0.45,0.21
108年,女性,結核病,31,8,0.58,0.21,0.1
108年,女性,源於周產期的特定病況,24,16,1.15,2.85,0.2
108年,女性,膽結石及其他膽囊疾患,27,15,1.08,0.34,0.19
108年,女性,皮膚及皮下組織疾病,19,25,1.8,0.71,0.31
108年,女性,先天性畸形變形及染色體異常,28,13,0.94,1.63,0.16
108年,女性,衰老/老邁,21,23,1.65,0.46,0.29
108年,女性,疝氣及腸阻塞,20,24,1.73,0.61,0.3
108年,女性,貧血,28,13,0.94,0.4,0.16
108年,女性,病毒性肝炎,22,22,1.58,0.69,0.28
108年,女性,人類免疫缺乏病毒（HIV）疾病,--,0,0,0,0
108年,女性,流行性感冒,24,16,1.15,0.56,0.2
108年,女性,椎骨肌肉萎縮及有關聯之症候群,30,9,0.65,0.3,0.11
108年,女性,加害（他殺）,34,1,0.07,0.04,0.01
108年,女性,腸道感染症,32,2,0.14,0.04,0.03
108年,女性,塵肺症,--,0,0,0,0
108年,女性,阿茲海默病,24,16,1.15,0.34,0.2
108年,女性,腦膜炎,34,1,0.07,0.03,0.01
108年,女性,嬰兒猝死症候群（SIDS）,--,0,0,0,0
108年,女性,動脈粥樣硬化,32,2,0.14,0.06,0.03
108年,女性,妊娠(懷孕)、生產及產褥期,34,1,0.07,0.06,0.01
108年,女性,急性支氣管炎及急性細支氣管炎,34,1,0.07,0.06,0.01
108年,女性,嚴重特殊傳染性肺炎（COVID-19）,--,0,0,0,0
108年,女性,其他,--,906,65.18,26.27,11.38
109年,總計,所有死因,--,"17,196",655.4,289.57,100
109年,總計,惡性腫瘤,1,"5,146",196.13,92.94,29.93
109年,總計,心臟疾病（高血壓性疾病除外）,2,"2,809",107.06,44.4,16.34
109年,總計,腦血管疾病,4,"1,037",39.52,16.72,6.03
109年,總計,肺炎,3,"1,571",59.88,21.44,9.14
109年,總計,糖尿病,5,734,27.98,11.51,4.27
109年,總計,慢性下呼吸道疾病,7,457,17.42,6.29,2.66
109年,總計,敗血症,13,213,8.12,3.47,1.24
109年,總計,高血壓性疾病,8,414,15.78,5.85,2.41
109年,總計,腎炎、腎病症候群及腎病變,6,503,19.17,7.41,2.93
109年,總計,事故傷害,9,367,13.99,8.39,2.13
109年,總計,蓄意自我傷害（自殺）,10,315,12.01,9.14,1.83
109年,總計,慢性肝病及肝硬化,12,232,8.84,4.47,1.35
109年,總計,骨骼肌肉系統及結締組織之疾病,17,123,4.69,2.29,0.72
109年,總計,帕金森病,15,161,6.14,2.34,0.94
109年,總計,血管性及未明示之癡呆症,11,309,11.78,3.61,1.8
109年,總計,原位與良性腫瘤（惡性腫瘤除外）,16,150,5.72,2.27,0.87
109年,總計,肇因於吸入外物之肺部病況（塵肺症及肺炎除外）,14,163,6.21,2.36,0.95
109年,總計,主動脈瘤及剝離,18,96,3.66,1.8,0.56
109年,總計,胃及十二指腸潰瘍,22,42,1.6,0.66,0.24
109年,總計,結核病,26,29,1.11,0.41,0.17
109年,總計,源於周產期的特定病況,23,37,1.41,3.51,0.22
109年,總計,膽結石及其他膽囊疾患,20,47,1.79,0.72,0.27
109年,總計,皮膚及皮下組織疾病,19,60,2.29,0.98,0.35
109年,總計,先天性畸形變形及染色體異常,25,31,1.18,1.83,0.18
109年,總計,衰老/老邁,24,33,1.26,0.4,0.19
109年,總計,疝氣及腸阻塞,21,46,1.75,0.69,0.27
109年,總計,貧血,26,29,1.11,0.43,0.17
109年,總計,病毒性肝炎,28,27,1.03,0.5,0.16
109年,總計,人類免疫缺乏病毒（HIV）疾病,38,5,0.19,0.18,0.03
109年,總計,流行性感冒,31,20,0.76,0.3,0.12
109年,總計,椎骨肌肉萎縮及有關聯之症候群,29,22,0.84,0.45,0.13
109年,總計,加害（他殺）,34,10,0.38,0.36,0.06
109年,總計,腸道感染症,37,6,0.23,0.09,0.03
109年,總計,塵肺症,32,13,0.5,0.19,0.08
109年,總計,阿茲海默病,29,22,0.84,0.26,0.13
109年,總計,腦膜炎,36,7,0.27,0.12,0.04
109年,總計,嬰兒猝死症候群（SIDS）,39,3,0.11,0.28,0.02
109年,總計,動脈粥樣硬化,35,8,0.3,0.12,0.05
109年,總計,妊娠(懷孕)、生產及產褥期,39,3,0.11,0.13,0.02
109年,總計,急性支氣管炎及急性細支氣管炎,--,0,0,0,0
109年,總計,嚴重特殊傳染性肺炎（COVID-19）,32,13,0.5,0.2,0.08
109年,總計,其他,--,"1,883",71.77,30.04,10.95
109年,男性,所有死因,--,"9,533",763.05,368.7,100
109年,男性,惡性腫瘤,1,"2,837",227.08,113.41,29.76
109年,男性,心臟疾病（高血壓性疾病除外）,2,"1,592",127.43,60.35,16.7
109年,男性,腦血管疾病,4,610,48.83,22.96,6.4
109年,男性,肺炎,3,906,72.52,28.67,9.5
109年,男性,糖尿病,5,362,28.98,13.67,3.8
109年,男性,慢性下呼吸道疾病,6,325,26.01,10.12,3.41
109年,男性,敗血症,13,113,9.04,4.31,1.19
109年,男性,高血壓性疾病,9,209,16.73,7.47,2.19
109年,男性,腎炎、腎病症候群及腎病變,7,240,19.21,8.22,2.52
109年,男性,事故傷害,8,238,19.05,12.39,2.5
109年,男性,蓄意自我傷害（自殺）,10,187,14.97,11.29,1.96
109年,男性,慢性肝病及肝硬化,11,145,11.61,6.7,1.52
109年,男性,骨骼肌肉系統及結締組織之疾病,18,41,3.28,1.7,0.43
109年,男性,帕金森病,14,98,7.84,3.43,1.03
109年,男性,血管性及未明示之癡呆症,11,145,11.61,3.87,1.52
109年,男性,原位與良性腫瘤（惡性腫瘤除外）,16,90,7.2,3.16,0.94
109年,男性,肇因於吸入外物之肺部病況（塵肺症及肺炎除外）,15,97,7.76,3.28,1.02
109年,男性,主動脈瘤及剝離,17,60,4.8,2.61,0.63
109年,男性,胃及十二指腸潰瘍,22,23,1.84,0.84,0.24
109年,男性,結核病,21,24,1.92,0.79,0.25
109年,男性,源於周產期的特定病況,26,16,1.28,2.92,0.17
109年,男性,膽結石及其他膽囊疾患,22,23,1.84,0.81,0.24
109年,男性,皮膚及皮下組織疾病,20,27,2.16,1.04,0.28
109年,男性,先天性畸形變形及染色體異常,24,18,1.44,2.08,0.19
109年,男性,衰老/老邁,27,15,1.2,0.43,0.16
109年,男性,疝氣及腸阻塞,19,30,2.4,1.03,0.31
109年,男性,貧血,25,17,1.36,0.58,0.18
109年,男性,病毒性肝炎,28,14,1.12,0.62,0.15
109年,男性,人類免疫缺乏病毒（HIV）疾病,34,5,0.4,0.38,0.05
109年,男性,流行性感冒,29,13,1.04,0.44,0.14
109年,男性,椎骨肌肉萎縮及有關聯之症候群,32,10,0.8,0.45,0.1
109年,男性,加害（他殺）,34,5,0.4,0.39,0.05
109年,男性,腸道感染症,36,3,0.24,0.11,0.03
109年,男性,塵肺症,30,12,0.96,0.39,0.13
109年,男性,阿茲海默病,31,11,0.88,0.29,0.12
109年,男性,腦膜炎,--,0,0,0,0
109年,男性,嬰兒猝死症候群（SIDS）,36,3,0.24,0.55,0.03
109年,男性,動脈粥樣硬化,36,3,0.24,0.1,0.03
109年,男性,妊娠(懷孕)、生產及產褥期,--,0,0,0,0
109年,男性,急性支氣管炎及急性細支氣管炎,--,0,0,0,0
109年,男性,嚴重特殊傳染性肺炎（COVID-19）,32,10,0.8,0.36,0.1
109年,男性,其他,--,956,76.52,36.49,10.03
109年,女性,所有死因,--,"7,663",557.55,225.23,100
109年,女性,惡性腫瘤,1,"2,309",168,76.76,30.13
109年,女性,心臟疾病（高血壓性疾病除外）,2,"1,217",88.55,31.2,15.88
109年,女性,腦血管疾病,4,427,31.07,11.67,5.57
109年,女性,肺炎,3,665,48.38,15.86,8.68
109年,女性,糖尿病,5,372,27.07,9.71,4.85
109年,女性,慢性下呼吸道疾病,9,132,9.6,3.3,1.72
109年,女性,敗血症,12,100,7.28,2.77,1.3
109年,女性,高血壓性疾病,7,205,14.92,4.48,2.68
109年,女性,腎炎、腎病症候群及腎病變,6,263,19.14,6.73,3.43
109年,女性,事故傷害,10,129,9.39,4.85,1.68
109年,女性,蓄意自我傷害（自殺）,11,128,9.31,7.3,1.67
109年,女性,慢性肝病及肝硬化,13,87,6.33,2.59,1.14
109年,女性,骨骼肌肉系統及結締組織之疾病,14,82,5.97,2.75,1.07
109年,女性,帕金森病,16,63,4.58,1.55,0.82
109年,女性,血管性及未明示之癡呆症,8,164,11.93,3.42,2.14
109年,女性,原位與良性腫瘤（惡性腫瘤除外）,17,60,4.37,1.58,0.78
109年,女性,肇因於吸入外物之肺部病況（塵肺症及肺炎除外）,15,66,4.8,1.64,0.86
109年,女性,主動脈瘤及剝離,18,36,2.62,1.15,0.47
109年,女性,胃及十二指腸潰瘍,22,19,1.38,0.5,0.25
109年,女性,結核病,32,5,0.36,0.12,0.07
109年,女性,源於周產期的特定病況,21,21,1.53,4.15,0.27
109年,女性,膽結石及其他膽囊疾患,20,24,1.75,0.64,0.31
109年,女性,皮膚及皮下組織疾病,19,33,2.4,0.92,0.43
109年,女性,先天性畸形變形及染色體異常,25,13,0.95,1.58,0.17
109年,女性,衰老/老邁,23,18,1.31,0.37,0.23
109年,女性,疝氣及腸阻塞,24,16,1.16,0.41,0.21
109年,女性,貧血,27,12,0.87,0.32,0.16
109年,女性,病毒性肝炎,25,13,0.95,0.4,0.17
109年,女性,人類免疫缺乏病毒（HIV）疾病,--,0,0,0,0
109年,女性,流行性感冒,30,7,0.51,0.19,0.09
109年,女性,椎骨肌肉萎縮及有關聯之症候群,27,12,0.87,0.46,0.16
109年,女性,加害（他殺）,32,5,0.36,0.32,0.07
109年,女性,腸道感染症,35,3,0.22,0.07,0.04
109年,女性,塵肺症,38,1,0.07,0.03,0.01
109年,女性,阿茲海默病,29,11,0.8,0.23,0.14
109年,女性,腦膜炎,30,7,0.51,0.22,0.09
109年,女性,嬰兒猝死症候群（SIDS）,--,0,0,0,0
109年,女性,動脈粥樣硬化,32,5,0.36,0.13,0.07
109年,女性,妊娠(懷孕)、生產及產褥期,35,3,0.22,0.26,0.04
109年,女性,急性支氣管炎及急性細支氣管炎,--,0,0,0,0
109年,女性,嚴重特殊傳染性肺炎（COVID-19）,35,3,0.22,0.06,0.04
109年,女性,其他,--,927,67.45,24.51,12.1
110年,總計,所有死因,--,"18,652",727.63,311.45,100
110年,總計,惡性腫瘤,1,"5,316",207.38,96.48,28.5
110年,總計,心臟疾病（高血壓性疾病除外）,2,"2,812",109.7,44.34,15.08
110年,總計,腦血管疾病,4,"1,093",42.64,17.27,5.86
110年,總計,肺炎,3,"1,464",57.11,19.65,7.85
110年,總計,糖尿病,5,896,34.95,13.92,4.8
110年,總計,慢性下呼吸道疾病,6,733,28.59,9.73,3.93
110年,總計,敗血症,12,243,9.48,3.54,1.3
110年,總計,高血壓性疾病,7,684,26.68,9.34,3.67
110年,總計,腎炎、腎病症候群及腎病變,8,513,20.01,7.53,2.75
110年,總計,事故傷害,9,367,14.32,9.15,1.97
110年,總計,蓄意自我傷害（自殺）,11,287,11.2,8.62,1.54
110年,總計,慢性肝病及肝硬化,13,212,8.27,4.15,1.14
110年,總計,骨骼肌肉系統及結締組織之疾病,17,136,5.31,2.47,0.73
110年,總計,帕金森病,15,194,7.57,2.72,1.04
110年,總計,血管性及未明示之癡呆症,10,343,13.38,4.05,1.84
110年,總計,原位與良性腫瘤（惡性腫瘤除外）,16,178,6.94,2.7,0.95
110年,總計,肇因於吸入外物之肺部病況（塵肺症及肺炎除外）,14,207,8.08,2.7,1.11
110年,總計,主動脈瘤及剝離,18,106,4.14,1.86,0.57
110年,總計,胃及十二指腸潰瘍,23,45,1.76,0.77,0.24
110年,總計,結核病,20,56,2.18,0.77,0.3
110年,總計,源於周產期的特定病況,24,36,1.4,3.84,0.19
110年,總計,膽結石及其他膽囊疾患,20,56,2.18,0.8,0.3
110年,總計,皮膚及皮下組織疾病,19,60,2.34,0.86,0.32
110年,總計,先天性畸形變形及染色體異常,30,20,0.78,1.29,0.11
110年,總計,衰老/老邁,22,49,1.91,0.57,0.26
110年,總計,疝氣及腸阻塞,25,34,1.33,0.52,0.18
110年,總計,貧血,28,25,0.98,0.36,0.13
110年,總計,病毒性肝炎,26,28,1.09,0.52,0.15
110年,總計,人類免疫缺乏病毒（HIV）疾病,37,2,0.08,0.06,0.01
110年,總計,流行性感冒,37,2,0.08,0.03,0.01
110年,總計,椎骨肌肉萎縮及有關聯之症候群,29,22,0.86,0.4,0.12
110年,總計,加害（他殺）,32,10,0.39,0.3,0.05
110年,總計,腸道感染症,31,12,0.47,0.2,0.06
110年,總計,塵肺症,34,6,0.23,0.08,0.03
110年,總計,阿茲海默病,27,27,1.05,0.3,0.14
110年,總計,腦膜炎,33,8,0.31,0.15,0.04
110年,總計,嬰兒猝死症候群（SIDS）,34,6,0.23,0.64,0.03
110年,總計,動脈粥樣硬化,36,3,0.12,0.04,0.02
110年,總計,妊娠(懷孕)、生產及產褥期,--,0,0,0,0
110年,總計,急性支氣管炎及急性細支氣管炎,--,0,0,0,0
110年,總計,嚴重特殊傳染性肺炎（COVID-19）,11,341,13.3,5.93,1.83
110年,總計,其他,--,"2,361",92.1,38.75,12.66
110年,男性,所有死因,--,"10,350",848.16,401.93,100
110年,男性,惡性腫瘤,1,"2,939",240.84,118.37,28.4
110年,男性,心臟疾病（高血壓性疾病除外）,2,"1,573",128.9,60.54,15.2
110年,男性,腦血管疾病,4,620,50.81,23.3,5.99
110年,男性,肺炎,3,843,69.08,27.07,8.14
110年,男性,糖尿病,6,442,36.22,16.56,4.27
110年,男性,慢性下呼吸道疾病,5,482,39.5,15.17,4.66
110年,男性,敗血症,13,114,9.34,4,1.1
110年,男性,高血壓性疾病,7,317,25.98,10.86,3.06
110年,男性,腎炎、腎病症候群及腎病變,8,278,22.78,9.9,2.69
110年,男性,事故傷害,9,242,19.83,12.6,2.34
110年,男性,蓄意自我傷害（自殺）,10,172,14.09,10.93,1.66
110年,男性,慢性肝病及肝硬化,12,133,10.9,6.31,1.29
110年,男性,骨骼肌肉系統及結締組織之疾病,17,68,5.57,2.66,0.66
110年,男性,帕金森病,15,108,8.85,3.53,1.04
110年,男性,血管性及未明示之癡呆症,11,150,12.29,4.29,1.45
110年,男性,原位與良性腫瘤（惡性腫瘤除外）,16,101,8.28,3.45,0.98
110年,男性,肇因於吸入外物之肺部病況（塵肺症及肺炎除外）,14,110,9.01,3.49,1.06
110年,男性,主動脈瘤及剝離,18,66,5.41,2.67,0.64
110年,男性,胃及十二指腸潰瘍,24,21,1.72,0.84,0.2
110年,男性,結核病,19,42,3.44,1.35,0.41
110年,男性,源於周產期的特定病況,22,23,1.88,4.72,0.22
110年,男性,膽結石及其他膽囊疾患,21,33,2.7,1.09,0.32
110年,男性,皮膚及皮下組織疾病,20,34,2.79,1.19,0.33
110年,男性,先天性畸形變形及染色體異常,29,11,0.9,1.43,0.11
110年,男性,衰老/老邁,22,23,1.88,0.69,0.22
110年,男性,疝氣及腸阻塞,25,20,1.64,0.66,0.19
110年,男性,貧血,31,7,0.57,0.21,0.07
110年,男性,病毒性肝炎,26,17,1.39,0.69,0.16
110年,男性,人類免疫缺乏病毒（HIV）疾病,36,2,0.16,0.13,0.02
110年,男性,流行性感冒,36,2,0.16,0.08,0.02
110年,男性,椎骨肌肉萎縮及有關聯之症候群,27,14,1.15,0.6,0.14
110年,男性,加害（他殺）,31,7,0.57,0.5,0.07
110年,男性,腸道感染症,30,9,0.74,0.34,0.09
110年,男性,塵肺症,33,6,0.49,0.18,0.06
110年,男性,阿茲海默病,28,13,1.07,0.33,0.13
110年,男性,腦膜炎,34,3,0.25,0.11,0.03
110年,男性,嬰兒猝死症候群（SIDS）,34,3,0.25,0.62,0.03
110年,男性,動脈粥樣硬化,36,2,0.16,0.05,0.02
110年,男性,妊娠(懷孕)、生產及產褥期,--,0,0,0,0
110年,男性,急性支氣管炎及急性細支氣管炎,--,0,0,0,0
110年,男性,嚴重特殊傳染性肺炎（COVID-19）,10,216,17.7,8.5,2.09
110年,男性,其他,--,"1,300",106.53,50.43,12.56
110年,女性,所有死因,--,"8,302",618.12,237.76,100
110年,女性,惡性腫瘤,1,"2,377",176.98,78.98,28.63
110年,女性,心臟疾病（高血壓性疾病除外）,2,"1,239",92.25,30.8,14.92
110年,女性,腦血管疾病,4,473,35.22,12.5,5.7
110年,女性,肺炎,3,621,46.24,13.89,7.48
110年,女性,糖尿病,5,454,33.8,11.69,5.47
110年,女性,慢性下呼吸道疾病,7,251,18.69,5.65,3.02
110年,女性,敗血症,10,129,9.6,3.15,1.55
110年,女性,高血壓性疾病,6,367,27.32,8.03,4.42
110年,女性,腎炎、腎病症候群及腎病變,8,235,17.5,5.65,2.83
110年,女性,事故傷害,11,125,9.31,6.24,1.51
110年,女性,蓄意自我傷害（自殺）,12,115,8.56,6.49,1.39
110年,女性,慢性肝病及肝硬化,15,79,5.88,2.29,0.95
110年,女性,骨骼肌肉系統及結締組織之疾病,17,68,5.06,2.35,0.82
110年,女性,帕金森病,14,86,6.4,2.13,1.04
110年,女性,血管性及未明示之癡呆症,9,193,14.37,3.86,2.32
110年,女性,原位與良性腫瘤（惡性腫瘤除外）,16,77,5.73,2.16,0.93
110年,女性,肇因於吸入外物之肺部病況（塵肺症及肺炎除外）,13,97,7.22,2.08,1.17
110年,女性,主動脈瘤及剝離,18,40,2.98,1.2,0.48
110年,女性,胃及十二指腸潰瘍,21,24,1.79,0.72,0.29
110年,女性,結核病,24,14,1.04,0.32,0.17
110年,女性,源於周產期的特定病況,27,13,0.97,2.88,0.16
110年,女性,膽結石及其他膽囊疾患,22,23,1.71,0.57,0.28
110年,女性,皮膚及皮下組織疾病,19,26,1.94,0.59,0.31
110年,女性,先天性畸形變形及染色體異常,29,9,0.67,1.15,0.11
110年,女性,衰老/老邁,19,26,1.94,0.48,0.31
110年,女性,疝氣及腸阻塞,24,14,1.04,0.42,0.17
110年,女性,貧血,23,18,1.34,0.47,0.22
110年,女性,病毒性肝炎,28,11,0.82,0.37,0.13
110年,女性,人類免疫缺乏病毒（HIV）疾病,--,0,0,0,0
110年,女性,流行性感冒,--,0,0,0,0
110年,女性,椎骨肌肉萎縮及有關聯之症候群,30,8,0.6,0.24,0.1
110年,女性,加害（他殺）,32,3,0.22,0.11,0.04
110年,女性,腸道感染症,32,3,0.22,0.08,0.04
110年,女性,塵肺症,--,0,0,0,0
110年,女性,阿茲海默病,24,14,1.04,0.28,0.17
110年,女性,腦膜炎,31,5,0.37,0.17,0.06
110年,女性,嬰兒猝死症候群（SIDS）,32,3,0.22,0.67,0.04
110年,女性,動脈粥樣硬化,35,1,0.07,0.03,0.01
110年,女性,妊娠(懷孕)、生產及產褥期,--,0,0,0,0
110年,女性,急性支氣管炎及急性細支氣管炎,--,0,0,0,0
110年,女性,嚴重特殊傳染性肺炎（COVID-19）,11,125,9.31,3.85,1.51
110年,女性,其他,--,"1,061",79,29.09,12.78
111年,總計,所有死因,--,"21,047",841.03,340.3,100
111年,總計,惡性腫瘤,1,"5,246",209.63,93.11,24.93
111年,總計,心臟疾病（高血壓性疾病除外）,2,"3,209",128.23,49.28,15.25
111年,總計,腦血管疾病,5,"1,078",43.08,16.59,5.12
111年,總計,肺炎,4,"1,387",55.42,18.25,6.59
111年,總計,糖尿病,7,907,36.24,13.58,4.31
111年,總計,慢性下呼吸道疾病,6,928,37.08,12.23,4.41
111年,總計,敗血症,15,217,8.67,3.28,1.03
111年,總計,高血壓性疾病,8,768,30.69,10.72,3.65
111年,總計,腎炎、腎病症候群及腎病變,9,577,23.06,8.29,2.74
111年,總計,事故傷害,11,365,14.59,8.08,1.73
111年,總計,蓄意自我傷害（自殺）,12,343,13.71,10.61,1.63
111年,總計,慢性肝病及肝硬化,14,230,9.19,4.63,1.09
111年,總計,骨骼肌肉系統及結締組織之疾病,18,135,5.39,2.19,0.64
111年,總計,帕金森病,16,198,7.91,2.73,0.94
111年,總計,血管性及未明示之癡呆症,10,419,16.74,4.96,1.99
111年,總計,原位與良性腫瘤（惡性腫瘤除外）,17,170,6.79,2.71,0.81
111年,總計,肇因於吸入外物之肺部病況（塵肺症及肺炎除外）,13,271,10.83,3.52,1.29
111年,總計,主動脈瘤及剝離,19,103,4.12,1.83,0.49
111年,總計,胃及十二指腸潰瘍,22,52,2.08,0.87,0.25
111年,總計,結核病,24,45,1.8,0.76,0.21
111年,總計,源於周產期的特定病況,26,39,1.56,4.78,0.19
111年,總計,膽結石及其他膽囊疾患,21,54,2.16,0.8,0.26
111年,總計,皮膚及皮下組織疾病,20,60,2.4,0.99,0.29
111年,總計,先天性畸形變形及染色體異常,31,14,0.56,1.08,0.07
111年,總計,衰老/老邁,23,46,1.84,0.52,0.22
111年,總計,疝氣及腸阻塞,25,43,1.72,0.61,0.2
111年,總計,貧血,30,20,0.8,0.4,0.1
111年,總計,病毒性肝炎,26,39,1.56,0.7,0.19
111年,總計,人類免疫缺乏病毒（HIV）疾病,33,6,0.24,0.19,0.03
111年,總計,流行性感冒,37,4,0.16,0.05,0.02
111年,總計,椎骨肌肉萎縮及有關聯之症候群,29,24,0.96,0.46,0.11
111年,總計,加害（他殺）,33,6,0.24,0.2,0.03
111年,總計,腸道感染症,33,6,0.24,0.1,0.03
111年,總計,塵肺症,32,9,0.36,0.12,0.04
111年,總計,阿茲海默病,26,39,1.56,0.44,0.19
111年,總計,腦膜炎,33,6,0.24,0.12,0.03
111年,總計,嬰兒猝死症候群（SIDS）,40,1,0.04,0.12,0
111年,總計,動脈粥樣硬化,38,3,0.12,0.05,0.01
111年,總計,妊娠(懷孕)、生產及產褥期,39,2,0.08,0.08,0.01
111年,總計,急性支氣管炎及急性細支氣管炎,--,0,0,0,0
111年,總計,嚴重特殊傳染性肺炎（COVID-19）,3,"1,628",65.05,23.46,7.74
111年,總計,其他,--,"2,350",93.9,36.82,11.17
111年,男性,所有死因,--,"11,489",965.87,438.01,100
111年,男性,惡性腫瘤,1,"2,846",239.26,113.35,24.77
111年,男性,心臟疾病（高血壓性疾病除外）,2,"1,781",149.73,67.15,15.5
111年,男性,腦血管疾病,6,572,48.09,21.25,4.98
111年,男性,肺炎,4,824,69.27,25.8,7.17
111年,男性,糖尿病,7,460,38.67,16.72,4
111年,男性,慢性下呼吸道疾病,5,605,50.86,19.23,5.27
111年,男性,敗血症,15,118,9.92,4.4,1.03
111年,男性,高血壓性疾病,8,376,31.61,13.25,3.27
111年,男性,腎炎、腎病症候群及腎病變,9,286,24.04,9.84,2.49
111年,男性,事故傷害,10,254,21.35,12.81,2.21
111年,男性,蓄意自我傷害（自殺）,11,201,16.9,13.08,1.75
111年,男性,慢性肝病及肝硬化,13,148,12.44,6.92,1.29
111年,男性,骨骼肌肉系統及結締組織之疾病,19,60,5.04,2.22,0.52
111年,男性,帕金森病,16,116,9.75,3.85,1.01
111年,男性,血管性及未明示之癡呆症,12,176,14.8,5.11,1.53
111年,男性,原位與良性腫瘤（惡性腫瘤除外）,17,86,7.23,3.09,0.75
111年,男性,肇因於吸入外物之肺部病況（塵肺症及肺炎除外）,14,142,11.94,4.59,1.24
111年,男性,主動脈瘤及剝離,18,69,5.8,2.86,0.6
111年,男性,胃及十二指腸潰瘍,20,31,2.61,1.27,0.27
111年,男性,結核病,21,30,2.52,1.16,0.26
111年,男性,源於周產期的特定病況,25,20,1.68,4.78,0.17
111年,男性,膽結石及其他膽囊疾患,22,25,2.1,0.91,0.22
111年,男性,皮膚及皮下組織疾病,22,25,2.1,0.94,0.22
111年,男性,先天性畸形變形及染色體異常,31,10,0.84,1.54,0.09
111年,男性,衰老/老邁,27,15,1.26,0.42,0.13
111年,男性,疝氣及腸阻塞,25,20,1.68,0.69,0.17
111年,男性,貧血,29,13,1.09,0.65,0.11
111年,男性,病毒性肝炎,24,21,1.77,0.92,0.18
111年,男性,人類免疫缺乏病毒（HIV）疾病,33,6,0.5,0.41,0.05
111年,男性,流行性感冒,37,2,0.17,0.06,0.02
111年,男性,椎骨肌肉萎縮及有關聯之症候群,27,15,1.26,0.67,0.13
111年,男性,加害（他殺）,34,5,0.42,0.34,0.04
111年,男性,腸道感染症,36,3,0.25,0.15,0.03
111年,男性,塵肺症,32,9,0.76,0.29,0.08
111年,男性,阿茲海默病,30,12,1.01,0.32,0.1
111年,男性,腦膜炎,35,4,0.34,0.2,0.03
111年,男性,嬰兒猝死症候群（SIDS）,--,0,0,0,0
111年,男性,動脈粥樣硬化,37,2,0.17,0.06,0.02
111年,男性,妊娠(懷孕)、生產及產褥期,--,0,0,0,0
111年,男性,急性支氣管炎及急性細支氣管炎,--,0,0,0,0
111年,男性,嚴重特殊傳染性肺炎（COVID-19）,3,902,75.83,31.19,7.85
111年,男性,其他,--,"1,199",100.8,45.53,10.44
111年,女性,所有死因,--,"9,558",727.93,262.09,100
111年,女性,惡性腫瘤,1,"2,400",182.78,77.3,25.11
111年,女性,心臟疾病（高血壓性疾病除外）,2,"1,428",108.76,34.64,14.94
111年,女性,腦血管疾病,5,506,38.54,12.78,5.29
111年,女性,肺炎,4,563,42.88,12.69,5.89
111年,女性,糖尿病,6,447,34.04,11.01,4.68
111年,女性,慢性下呼吸道疾病,8,323,24.6,7.01,3.38
111年,女性,敗血症,14,99,7.54,2.33,1.04
111年,女性,高血壓性疾病,7,392,29.85,8.57,4.1
111年,女性,腎炎、腎病症候群及腎病變,9,291,22.16,7.08,3.04
111年,女性,事故傷害,13,111,8.45,3.98,1.16
111年,女性,蓄意自我傷害（自殺）,11,142,10.81,8.38,1.49
111年,女性,慢性肝病及肝硬化,16,82,6.25,2.68,0.86
111年,女性,骨骼肌肉系統及結締組織之疾病,18,75,5.71,2.18,0.78
111年,女性,帕金森病,16,82,6.25,1.92,0.86
111年,女性,血管性及未明示之癡呆症,10,243,18.51,4.82,2.54
111年,女性,原位與良性腫瘤（惡性腫瘤除外）,15,84,6.4,2.49,0.88
111年,女性,肇因於吸入外物之肺部病況（塵肺症及肺炎除外）,12,129,9.82,2.73,1.35
111年,女性,主動脈瘤及剝離,20,34,2.59,0.99,0.36
111年,女性,胃及十二指腸潰瘍,25,21,1.6,0.54,0.22
111年,女性,結核病,28,15,1.14,0.43,0.16
111年,女性,源於周產期的特定病況,26,19,1.45,4.79,0.2
111年,女性,膽結石及其他膽囊疾患,22,29,2.21,0.69,0.3
111年,女性,皮膚及皮下組織疾病,19,35,2.67,1.05,0.37
111年,女性,先天性畸形變形及染色體異常,31,4,0.3,0.58,0.04
111年,女性,衰老/老邁,21,31,2.36,0.58,0.32
111年,女性,疝氣及腸阻塞,24,23,1.75,0.54,0.24
111年,女性,貧血,30,7,0.53,0.16,0.07
111年,女性,病毒性肝炎,27,18,1.37,0.52,0.19
111年,女性,人類免疫缺乏病毒（HIV）疾病,--,0,0,0,0
111年,女性,流行性感冒,33,2,0.15,0.03,0.02
111年,女性,椎骨肌肉萎縮及有關聯之症候群,29,9,0.69,0.27,0.09
111年,女性,加害（他殺）,36,1,0.08,0.05,0.01
111年,女性,腸道感染症,32,3,0.23,0.05,0.03
111年,女性,塵肺症,--,0,0,0,0
111年,女性,阿茲海默病,23,27,2.06,0.51,0.28
111年,女性,腦膜炎,33,2,0.15,0.06,0.02
111年,女性,嬰兒猝死症候群（SIDS）,36,1,0.08,0.25,0.01
111年,女性,動脈粥樣硬化,36,1,0.08,0.03,0.01
111年,女性,妊娠(懷孕)、生產及產褥期,33,2,0.15,0.15,0.02
111年,女性,急性支氣管炎及急性細支氣管炎,--,0,0,0,0
111年,女性,嚴重特殊傳染性肺炎（COVID-19）,3,726,55.29,17.54,7.6
111年,女性,其他,--,"1,151",87.66,29.65,12.04
